"query","rank","title","url","marqly_on_page"
"best bookmark manager 2026","1","9 Best Bookmark Managers in 2026 (I Tested All of Them)","https://softpicker.com/best-bookmark-managers/","no"
"best bookmark manager 2026","2","15 Best Bookmark Managers in 2026 - HashDork","https://hashdork.com/best-bookmark-managers/","no"
"best bookmark manager 2026","3","8 Best Bookmark Managers in 2026 (Compared) | TreeVed","https://www.treeved.com/blog/best-bookmark-managers","no"
"best bookmark manager 2026","4","Best Bookmark Manager 2026: 8 Picks by Need - BookmarkHell","https://www.bookmarkhell.com/en/blog/best-bookmark-managers-2026","no"
"best bookmark manager 2026","5","Best Bookmark Managers: Tags, Sync, Teams & Large Libraries","https://tabmark.dev/blog/best-bookmark-managers/","unchecked"
"best bookmark manager 2026","6","Best Bookmark Managers 2026 — 7 Tools Compared","https://www.marqly.com/best-bookmark-manager","unchecked"
"best bookmark manager 2026","7","Best Bookmark Managers for 10,000+ Bookmarks (Performance Tested 2026)","https://tabmark.dev/blog/posts/best-bookmark-managers/","unchecked"
"best bookmark manager 2026","8","The 7 Best Bookmark Managers in 2026 (Free & Paid, Tested)","https://noverload.com/blog/best-bookmark-managers-2026","unchecked"
"best bookmark manager 2026","9","Bookmark Manager: 9 Best Tools in 2026 (Free and Paid) - Tixio","https://tixio.io/blog/best-bookmark-managers-2026","unchecked"
"best bookmark manager 2026","10","The Best 20 Bookmark Managers of 2026 - Tutorial Tactic","https://tutorialtactic.com/blog/best-bookmark-managers/","unchecked"
