Date,Clicks,Impressions,CTR,Position
2026-04-04,1,216,0.46%,9.9
2026-04-05,3,270,1.11%,8.8
2026-04-06,1,237,0.42%,11.1
2026-04-07,2,234,0.85%,12
2026-04-08,1,232,0.43%,9.8
2026-04-09,3,223,1.35%,12
2026-04-10,1,181,0.55%,10.2
2026-04-11,2,202,0.99%,10
2026-04-12,2,224,0.89%,13.1
2026-04-13,0,205,0%,13.1
2026-04-14,2,190,1.05%,12.6
2026-04-15,9,207,4.35%,13.1
2026-04-16,5,194,2.58%,12.7
2026-04-17,4,173,2.31%,16.8
2026-04-18,4,173,2.31%,15.5
2026-04-19,2,188,1.06%,14
2026-04-20,0,161,0%,12.9
2026-04-21,2,162,1.23%,14.9
2026-04-22,1,147,0.68%,16.9
2026-04-23,3,157,1.91%,15.7
2026-04-24,1,130,0.77%,20.1
2026-04-25,2,110,1.82%,14.6
2026-04-26,1,146,0.68%,14.9
2026-04-27,2,189,1.06%,18
2026-04-28,3,167,1.8%,12.4
2026-04-29,4,237,1.69%,10.6
2026-04-30,3,161,1.86%,13
2026-05-01,1,144,0.69%,11
2026-05-02,3,204,1.47%,12.1
2026-05-03,0,198,0%,15.5
2026-05-04,2,171,1.17%,13.8
2026-05-05,1,176,0.57%,14.3
2026-05-06,5,166,3.01%,15.9
2026-05-07,8,186,4.3%,13.6
2026-05-08,1,187,0.53%,11.9
2026-05-09,1,167,0.6%,17.3
2026-05-10,3,180,1.67%,13.4
2026-05-11,4,201,1.99%,14.2
2026-05-12,0,200,0%,13.8
2026-05-13,2,179,1.12%,13.5
2026-05-14,2,163,1.23%,15.2
2026-05-15,4,142,2.82%,17.9
2026-05-16,2,104,1.92%,17.3
2026-05-17,2,111,1.8%,18.5
2026-05-18,3,114,2.63%,23.3
2026-05-19,2,122,1.64%,22
2026-05-20,4,113,3.54%,18.6
2026-05-21,2,101,1.98%,21.6
2026-05-22,0,123,0%,19.2
2026-05-23,3,109,2.75%,22.9
2026-05-24,1,161,0.62%,22.1
2026-05-25,4,114,3.51%,21.8
2026-05-26,4,117,3.42%,19.5
2026-05-27,2,163,1.23%,19.3
2026-05-28,2,180,1.11%,16.1
2026-05-29,9,153,5.88%,17.7
2026-05-30,2,138,1.45%,12.9
2026-05-31,10,266,3.76%,5.7
2026-06-01,5,150,3.33%,11.6
2026-06-02,4,110,3.64%,7.4
2026-06-03,2,80,2.5%,11.4
2026-06-04,6,129,4.65%,9.3
2026-06-05,2,122,1.64%,10.5
2026-06-06,2,99,2.02%,9.8
2026-06-07,1,131,0.76%,13.2
2026-06-08,1,123,0.81%,17.5
2026-06-09,7,148,4.73%,13.3
2026-06-10,2,115,1.74%,11.8
2026-06-11,20,189,10.58%,9.2
2026-06-12,8,148,5.41%,12.8
2026-06-13,7,188,3.72%,8.4
2026-06-14,6,191,3.14%,13
2026-06-15,7,138,5.07%,12.4
2026-06-16,4,165,2.42%,12.7
2026-06-17,3,228,1.32%,14.1
2026-06-18,3,178,1.69%,12.2
2026-06-19,7,189,3.7%,14.3
2026-06-20,5,165,3.03%,10.1
2026-06-21,15,217,6.91%,9
2026-06-22,5,187,2.67%,10.9
2026-06-23,5,173,2.89%,10.5
2026-06-24,3,149,2.01%,13.8
2026-06-25,5,184,2.72%,10.6
2026-06-26,4,463,0.86%,25.5
2026-06-27,2,229,0.87%,19
2026-06-28,5,182,2.75%,10.7
2026-06-29,5,209,2.39%,15.1
2026-06-30,11,259,4.25%,16.9
2026-07-01,2,281,0.71%,16.1
2026-07-02,7,850,0.82%,36
2026-07-03,4,440,0.91%,29.4
2026-07-04,4,328,1.22%,13
2026-07-05,11,270,4.07%,14.8
2026-07-06,8,231,3.46%,13.2
2026-07-07,6,329,1.82%,13.9
2026-07-08,9,352,2.56%,9.6
2026-07-09,7,402,1.74%,13
2026-07-10,2,388,0.52%,16.7
2026-07-11,2,496,0.4%,17.7
2026-07-12,5,476,1.05%,17
2026-07-13,14,421,3.33%,14.8
2026-07-14,8,420,1.9%,14.7
2026-07-15,7,366,1.91%,14.5
2026-07-16,3,245,1.22%,10.2
2026-07-17,5,254,1.97%,10.3
2026-07-18,2,267,0.75%,11.8
2026-07-19,0,280,0%,12.1
2026-07-20,3,284,1.06%,13.9
2026-07-21,4,256,1.56%,13.8
2026-07-22,9,261,3.45%,12.9
2026-07-23,10,324,3.09%,12.7
2026-07-24,5,297,1.68%,14.9
2026-07-25,6,279,2.15%,12.9
2026-07-26,3,266,1.13%,14.5
2026-07-27,7,285,2.46%,14
2026-07-28,6,315,1.9%,14
2026-07-29,2,346,0.58%,13.1
2026-07-30,7,399,1.75%,13.5
2026-07-31,7,375,1.87%,15.1
2026-08-01,5,424,1.18%,16.5
2026-08-02,6,458,1.31%,18.7
2026-08-03,4,444,0.9%,15
2026-08-04,9,630,1.43%,15
2026-08-05,12,1731,0.69%,18.8
2026-08-06,23,2026,1.14%,18.8
2026-08-07,17,1612,1.05%,19
2026-08-08,25,1798,1.39%,14.2
2026-08-09,28,3022,0.93%,17.7
2026-08-10,40,3241,1.23%,17.5
2026-08-11,23,3545,0.65%,19
2026-08-12,35,2922,1.2%,20.7
2026-08-13,35,3084,1.13%,19.2
2026-08-14,32,2506,1.28%,17.1
2026-08-15,37,2521,1.47%,19.5
2026-08-16,25,2918,0.86%,19.9
2026-08-17,22,3065,0.72%,18.2
2026-08-18,50,3720,1.34%,18.6
2026-08-19,48,3656,1.31%,18.6
2026-08-20,41,3161,1.3%,20
2026-08-21,33,2968,1.11%,18.9
2026-08-22,29,2750,1.05%,22
2026-08-23,17,2648,0.64%,19.9
2026-08-24,41,2917,1.41%,19.6
2026-08-25,30,2872,1.04%,21.8
2026-08-26,38,2873,1.32%,20.1
2026-08-27,33,2991,1.1%,21.1
2026-08-28,33,2805,1.18%,21.1
2026-08-29,29,2864,1.01%,24.8
2026-08-30,36,3099,1.16%,22.4
2026-08-31,49,3163,1.55%,18.1
2026-09-01,34,3033,1.12%,12.7
2026-09-02,43,3276,1.31%,12.7
2026-09-03,20,3377,0.59%,13
2026-09-04,42,2953,1.42%,13.1
2026-09-05,39,2966,1.31%,13.5
2026-09-06,38,3396,1.12%,14.5
2026-09-07,37,3559,1.04%,14.4
2026-09-08,58,4329,1.34%,13.1
2026-09-09,73,6527,1.12%,11.9
2026-09-10,88,5847,1.51%,10.2
2026-09-11,68,6026,1.13%,11
2026-09-12,69,5935,1.16%,11.5
2026-09-13,81,5776,1.4%,11.9
2026-09-14,73,5231,1.4%,11.9
2026-09-15,97,5244,1.85%,11.1
2026-09-16,75,5221,1.44%,11.2
2026-09-17,66,4798,1.38%,10.3
2026-09-18,67,4130,1.62%,10.6
2026-09-19,58,3929,1.48%,10.8
2026-09-20,90,4900,1.84%,10.1
2026-09-21,91,5120,1.78%,9.5
2026-09-22,103,5406,1.91%,9.7
2026-09-23,89,5439,1.64%,9.6
2026-09-24,89,5106,1.74%,9.5
2026-09-25,84,4250,1.98%,9.3
2026-09-26,69,3753,1.84%,9.5
2026-09-27,90,3951,2.28%,9
2026-09-28,87,4306,2.02%,8.7
2026-09-29,96,4148,2.31%,9.4
2026-09-30,91,3993,2.28%,9.2
2026-10-01,68,4135,1.64%,9.9
2026-10-02,56,3977,1.41%,11
2026-10-03,77,3977,1.94%,10.9