Country,Clicks,Impressions,CTR,Position
United States,569,81003,0.7%,15.74
Japan,296,10245,2.89%,10.01
Germany,240,11879,2.02%,12.65
India,233,8844,2.63%,19.51
South Korea,222,6329,3.51%,7.73
United Kingdom,125,10409,1.2%,13.8
Brazil,114,6506,1.75%,8.75
France,110,4706,2.34%,13.38
Italy,107,7632,1.4%,9.42
Canada,90,7077,1.27%,14.39
Spain,81,5553,1.46%,11.12
Netherlands,78,8841,0.88%,13.18
Poland,77,3860,1.99%,8.42
Australia,72,5009,1.44%,12.41
United Arab Emirates,64,2074,3.09%,8.14
Switzerland,55,1731,3.18%,12.36
China,53,1258,4.21%,7.21
Turkey,52,4004,1.3%,15.03
Portugal,46,1523,3.02%,7.74
Mexico,44,3197,1.38%,16.8
Belgium,43,1851,2.32%,9.53
Indonesia,39,2686,1.45%,21.34
Sweden,39,1444,2.7%,7.63
Pakistan,37,2176,1.7%,12.03
Singapore,32,3121,1.03%,20.09
Austria,32,1383,2.31%,12.92
Philippines,30,3374,0.89%,30.34
Colombia,28,1357,2.06%,12.68
Taiwan,28,1010,2.77%,7.45
Bangladesh,25,1702,1.47%,26.38
Peru,25,1166,2.14%,9.87
Hong Kong,24,1378,1.74%,7.84
Egypt,24,869,2.76%,9.63
Iran,24,424,5.66%,8.86
Russia,23,1599,1.44%,15.15
Vietnam,20,2648,0.76%,28.43
Thailand,20,1259,1.59%,23.3
Israel,20,759,2.64%,10.11
Hungary,19,474,4.01%,7.91
Argentina,18,3137,0.57%,9.41
Denmark,17,984,1.73%,13.78
Chile,16,1459,1.1%,9.24
Saudi Arabia,15,1117,1.34%,17.47
Nigeria,15,635,2.36%,8.97
Czechia,14,571,2.45%,7.8
Finland,14,561,2.5%,8.02
Morocco,13,1237,1.05%,25.17
Romania,13,597,2.18%,9.29
Malaysia,12,1383,0.87%,27.27
Ukraine,11,854,1.29%,15.31
New Zealand,11,825,1.33%,9.82
Ireland,11,708,1.55%,7.89
Greece,11,508,2.17%,8.02
Serbia,11,263,4.18%,9.43
Venezuela,9,1087,0.83%,9.65
Ecuador,9,848,1.06%,9.79
South Africa,8,664,1.2%,11.52
Norway,7,705,0.99%,8.54
Kenya,7,279,2.51%,8.52
Nepal,7,270,2.59%,8.37
Slovakia,7,231,3.03%,8.14
Yemen,7,51,13.73%,8.61
Bulgaria,6,308,1.95%,8.34
Azerbaijan,6,152,3.95%,11.3
Cyprus,6,102,5.88%,6.32
Algeria,5,681,0.73%,26.15
Bolivia,5,468,1.07%,8.66
Kazakhstan,5,431,1.16%,11.37
Lithuania,5,333,1.5%,7.51
Croatia,5,223,2.24%,7.07
Qatar,5,182,2.75%,9.16
Lebanon,5,164,3.05%,10.51
Armenia,5,104,4.81%,10.26
Uruguay,4,420,0.95%,8.58
Georgia,4,164,2.44%,7.16
Latvia,4,99,4.04%,5.96
Myanmar (Burma),4,86,4.65%,9.44
Jordan,3,348,0.86%,33.34
Dominican Republic,3,337,0.89%,9.72
Tunisia,3,219,1.37%,19.54
Belarus,3,138,2.17%,11.04
Uganda,3,115,2.61%,7.28
Bosnia & Herzegovina,3,98,3.06%,8.77
Syria,3,88,3.41%,10.52
Iraq,2,335,0.6%,15.02
Uzbekistan,2,250,0.8%,11.72
Sri Lanka,2,219,0.91%,7.48
Estonia,2,161,1.24%,8.42
Ghana,2,157,1.27%,8.22
Oman,2,100,2%,13.86
Albania,2,91,2.2%,8.6
Iceland,2,89,2.25%,6.3
Luxembourg,2,86,2.33%,9.4
Bahrain,2,83,2.41%,9.82
Moldova,2,68,2.94%,12.09
Senegal,2,62,3.23%,17.02
Cameroon,2,51,3.92%,9.75
Tanzania,2,50,4%,8.24
Rwanda,2,46,4.35%,7.3
Mongolia,2,43,4.65%,10.02
Montenegro,2,33,6.06%,10.45
Cuba,2,31,6.45%,9.42
Costa Rica,1,335,0.3%,9.43
Panama,1,273,0.37%,10.4
Paraguay,1,255,0.39%,8.93
Mozambique,1,215,0.47%,3.03
Guatemala,1,183,0.55%,8.37
Ethiopia,1,152,0.66%,8.41
Kuwait,1,147,0.68%,13.33
Slovenia,1,135,0.74%,7.62
Cambodia,1,96,1.04%,9.17
Trinidad & Tobago,1,49,2.04%,7.06
Zambia,1,36,2.78%,8.06
Benin,1,34,2.94%,8.38
Afghanistan,1,30,3.33%,10.33
Congo - Kinshasa,1,29,3.45%,10.17
Maldives,1,29,3.45%,11.97
Andorra,1,27,3.7%,13.96
Somalia,1,26,3.85%,8.65
Kosovo,1,22,4.55%,10.27
Barbados,1,20,5%,8.45
Bahamas,1,18,5.56%,7.56
Namibia,1,17,5.88%,8.12
Burkina Faso,1,15,6.67%,14.73
Curaçao,1,11,9.09%,7.09
Liberia,1,9,11.11%,7.11
Cape Verde,1,8,12.5%,7.75
Sierra Leone,1,7,14.29%,6
Niger,1,7,14.29%,8.29
Nicaragua,0,147,0%,8.44
El Salvador,0,127,0%,9.51
Honduras,0,126,0%,9.83
Puerto Rico,0,83,0%,7.13
Malta,0,80,0%,8.75
Jamaica,0,69,0%,8.07
Côte d’Ivoire,0,67,0%,9.3
Macedonia,0,64,0%,11.23
Mauritius,0,50,0%,7.76
Libya,0,50,0%,11.6
Palestine,0,50,0%,15.12
Angola,0,49,0%,11.41
Kyrgyzstan,0,46,0%,17.65
Togo,0,43,0%,12.98
Zimbabwe,0,41,0%,8.71
Madagascar,0,35,0%,7.54
Réunion,0,29,0%,7.28
Macau,0,28,0%,7.43
Brunei,0,23,0%,6.7
Bhutan,0,23,0%,10.09
Unknown Region,0,21,0%,11.71
Gabon,0,20,0%,21.4
Guyana,0,18,0%,7.39
Laos,0,18,0%,12.83
Fiji,0,17,0%,7.94
Sudan,0,17,0%,8.88
Botswana,0,15,0%,6.53
Belize,0,14,0%,7.43
Papua New Guinea,0,14,0%,9.21
Aruba,0,13,0%,7.38
Haiti,0,13,0%,7.69
Malawi,0,12,0%,6.5
Guadeloupe,0,12,0%,6.83
American Samoa,0,12,0%,7.83
Guam,0,12,0%,9.67
Turkmenistan,0,11,0%,5.82
Isle of Man,0,11,0%,8.27
Mali,0,11,0%,10.73
Martinique,0,10,0%,7.4
Djibouti,0,10,0%,11.1
Guinea,0,9,0%,11.44
Guernsey,0,8,0%,8
St. Lucia,0,8,0%,8.25
Jersey,0,8,0%,8.88
Congo - Brazzaville,0,8,0%,22.88
French Polynesia,0,7,0%,5.43
Antigua & Barbuda,0,7,0%,5.71
Western Sahara,0,7,0%,14.57
Lesotho,0,6,0%,5.17
Liechtenstein,0,6,0%,7.17
U.S. Virgin Islands,0,6,0%,8
Suriname,0,6,0%,9.17
Tajikistan,0,6,0%,14.33
Cayman Islands,0,5,0%,7
Gibraltar,0,5,0%,8
St. Vincent & Grenadines,0,5,0%,8
Bermuda,0,5,0%,8.6
Seychelles,0,5,0%,9.6
Gambia,0,5,0%,11.2
Samoa,0,5,0%,16.2
Vanuatu,0,4,0%,5
Mauritania,0,4,0%,8
Dominica,0,4,0%,14.25
Monaco,0,4,0%,31
Solomon Islands,0,3,0%,4.33
Faroe Islands,0,3,0%,5.67
Burundi,0,3,0%,7
Swaziland,0,3,0%,7
Greenland,0,3,0%,7.33
Sint Maarten,0,3,0%,8.33
French Guiana,0,3,0%,14.67
Caribbean Netherlands,0,2,0%,4.5
New Caledonia,0,2,0%,5.5
Northern Mariana Islands,0,2,0%,6
Turks & Caicos Islands,0,2,0%,6
St. Martin,0,2,0%,6.5
St. Kitts & Nevis,0,2,0%,7.5
Grenada,0,2,0%,10
Guinea-Bissau,0,1,0%,1
San Marino,0,1,0%,1
British Virgin Islands,0,1,0%,1
Mayotte,0,1,0%,5
Svalbard & Jan Mayen,0,1,0%,6
St. Pierre & Miquelon,0,1,0%,7
Antarctica,0,1,0%,8
Tonga,0,1,0%,8
South Sudan,0,1,0%,9
Åland Islands,0,1,0%,10
Eritrea,0,1,0%,10
Montserrat,0,1,0%,10
São Tomé & Príncipe,0,1,0%,10
Chad,0,1,0%,10
North Korea,0,1,0%,11