query,total_imp,page,share,imp,clicks,pos
"youtube27281","1099","https://www.marqly.com/blog/summarize-youtube-videos-with-ai","71","780","0","7.6"
"youtube27281","1099","https://www.marqly.com/es/blog/chatear-con-videos-de-youtube-2026","17.5","192","0","8.2"
"bookmark alternative","790","https://www.marqly.com/alternatives","39","308","0","25.5"
"bookmark alternative","790","https://www.marqly.com/compare","26.5","209","0","69.9"
"bookmark alternative","790","https://www.marqly.com/alternatives/pinboard","22","174","0","29.4"
"bookmark alternative","790","https://www.marqly.com/blog","12.4","98","0","51.6"
"bookmark alternative for safari","554","https://www.marqly.com/alternatives","43","238","0","48.7"
"bookmark alternative for safari","554","https://www.marqly.com/compare","36.5","202","0","71.4"
"bookmark alternative for safari","554","https://www.marqly.com/bookmark-manager-for-safari","19.1","106","0","16.5"
"youtube62281","472","https://www.marqly.com/blog/summarize-youtube-videos-with-ai","57.4","271","0","8.2"
"youtube62281","472","https://www.marqly.com/faq/how-do-i-summarize-a-youtube-video","38.1","180","0","8.8"
"pocket ai alternative","415","https://www.marqly.com/blog/best-pocket-alternatives-2026","81.4","338","4","8.1"
"pocket ai alternative","415","https://www.marqly.com/de/blog/pocket-alternativen-2026","12.3","51","4","5.7"
"bookmarking tools","267","https://www.marqly.com/blog","30","80","0","35.7"
"bookmarking tools","267","https://www.marqly.com/alternatives","23.6","63","0","65.8"
"bookmarking tools","267","https://www.marqly.com/compare","23.6","63","0","77.6"
"bookmarking tools","267","https://www.marqly.com/for-researchers","12.7","34","0","80.5"
"visual bookmarking tool","241","https://www.marqly.com/compare","36.1","87","0","66.8"
"visual bookmarking tool","241","https://www.marqly.com/blog","32","77","0","76.5"
"visual bookmarking tool","241","https://www.marqly.com/alternatives","17.8","43","0","41.7"
"toby vs onetab","236","https://www.marqly.com/blog/best-tab-managers-2026","48.7","115","0","20.3"
"toby vs onetab","236","https://www.marqly.com/compare/onetab-vs-toby","45.3","107","0","16.4"
"bookmark tool","235","https://www.marqly.com/bookmark-manager-for-chrome","36.2","85","0","38.1"
"bookmark tool","235","https://www.marqly.com/compare","23","54","0","79"
"bookmark tool","235","https://www.marqly.com/bookmark-manager-for-edge","13.6","32","0","77.7"
"bookmark tool","235","https://www.marqly.com/bookmark-organizer","11.5","27","0","70.6"
"youtube46281","233","https://www.marqly.com/es/blog/chatear-con-videos-de-youtube-2026","53.6","125","0","7.8"
"youtube46281","233","https://www.marqly.com/faq/how-do-i-summarize-a-youtube-video","20.6","48","0","8"
"youtube46281","233","https://www.marqly.com/blog/summarize-youtube-videos-with-ai","17.6","41","0","9.2"
"bookmark organizer","215","https://www.marqly.com/bookmark-organizer","58.6","126","0","41.3"
"bookmark organizer","215","https://www.marqly.com/blog/how-to-organize-bookmarks","41.4","89","0","51.7"
"youtube28149","199","https://www.marqly.com/es/blog/chatear-con-videos-de-youtube-2026","77.9","155","0","8.4"
"youtube28149","199","https://www.marqly.com/it/blog/riassumere-video-youtube-con-ia-2026","13.1","26","0","7.5"
"youtube28127","194","https://www.marqly.com/es/blog/chatear-con-videos-de-youtube-2026","84.5","164","0","8.2"
"youtube28127","194","https://www.marqly.com/blog/summarize-youtube-videos-with-ai","13.4","26","0","8.9"
"raindrop vs pocket","188","https://www.marqly.com/alternatives/raindrop","67.6","127","0","31.9"
"raindrop vs pocket","188","https://www.marqly.com/compare/pocket-vs-raindrop","31.4","59","0","14.1"
"exportar marcadores chrome","183","https://www.marqly.com/pt/blog/exportar-favoritos-chrome","57.4","105","0","10"
"exportar marcadores chrome","183","https://www.marqly.com/es/blog/exportar-marcadores-chrome","42.6","78","0","14.2"
"youtube87287","182","https://www.marqly.com/es/blog/chatear-con-videos-de-youtube-2026","85.2","155","0","7.3"
"youtube87287","182","https://www.marqly.com/pt/blog/conversar-com-videos-do-youtube-2026","14.8","27","0","8.6"
"instapaper alternative","180","https://www.marqly.com/blog/instapaper-alternatives-2026","53.9","97","2","9.4"
"instapaper alternative","180","https://www.marqly.com/alternatives/instapaper","42.8","77","0","16.5"
"pocket vs raindrop","180","https://www.marqly.com/alternatives/raindrop","62.8","113","0","30.7"
"pocket vs raindrop","180","https://www.marqly.com/compare/pocket-vs-raindrop","36.7","66","0","13.3"
"ai bookmark manager","169","https://www.marqly.com/faq/what-is-an-ai-bookmark-manager","40.2","68","0","13.7"
"ai bookmark manager","169","https://www.marqly.com/blog/best-ai-bookmark-manager-2026","32","54","1","21.5"
"ai bookmark manager","169","https://www.marqly.com/bookmark-manager-for-chrome","18.3","31","0","27.7"
"best bookmarking tool","169","https://www.marqly.com/alternatives","42.6","72","0","41"
"best bookmarking tool","169","https://www.marqly.com/compare","34.3","58","0","53.1"
"best bookmarking tool","169","https://www.marqly.com/blog/best-free-bookmark-managers-2026","13","22","0","12"
"youtube26281","165","https://www.marqly.com/es/blog/chatear-con-videos-de-youtube-2026","70.9","117","0","7.8"
"youtube26281","165","https://www.marqly.com/blog/summarize-youtube-videos-with-ai","13.3","22","0","8.5"
"유튜브 스크립트 복사","164","https://www.marqly.com/ko/tools/youtube-transcript","54.9","90","1","8.9"
"유튜브 스크립트 복사","164","https://www.marqly.com/ko/blog/youtube-transcript-chuchul-guide-2026","45.1","74","1","8.7"
"bookmark manager tools combining automatic categorization with manual tagging for mixed research workflows.","163","https://www.marqly.com/blog/best-ai-bookmark-manager-2026","38.7","63","0","7.7"
"bookmark manager tools combining automatic categorization with manual tagging for mixed research workflows.","163","https://www.marqly.com/best-bookmark-manager","19.6","32","0","5.3"
"bookmark manager tools combining automatic categorization with manual tagging for mixed research workflows.","163","https://www.marqly.com/for-researchers","10.4","17","0","4.6"
"raindrop.io","158","https://www.marqly.com/blog/raindrop-vs-marqly","44.9","71","0","23.9"
"raindrop.io","158","https://www.marqly.com/alternatives/raindrop","40.5","64","0","27.3"
"recommended bookmark organizer for students","153","https://www.marqly.com/for-teachers","55.6","85","0","26.5"
"recommended bookmark organizer for students","153","https://www.marqly.com/blog/how-to-organize-bookmarks","41.2","63","0","27.1"
"youtube97281","153","https://www.marqly.com/es/blog/chatear-con-videos-de-youtube-2026","54.9","84","0","8.3"
"youtube97281","153","https://www.marqly.com/pt/blog/conversar-com-videos-do-youtube-2026","27.5","42","0","8.2"
"youtube97281","153","https://www.marqly.com/it/blog/riassumere-video-youtube-con-ia-2026","17.6","27","0","7.6"
"bookmark manager for schools","145","https://www.marqly.com/for-teachers","63.4","92","0","35.6"
"bookmark manager for schools","145","https://www.marqly.com/for-students","35.9","52","0","17.8"
"alternative to pocket","142","https://www.marqly.com/blog/best-pocket-alternatives-2026","88.7","126","0","14"
"alternative to pocket","142","https://www.marqly.com/alternatives/pocket","10.6","15","0","18.4"
"pocket app alternative","139","https://www.marqly.com/blog/best-pocket-alternatives-2026","67.6","94","0","14.8"
"pocket app alternative","139","https://www.marqly.com/de/blog/pocket-alternativen-2026","17.3","24","0","8.6"
"youtube24128","134","https://www.marqly.com/es/blog/chatear-con-videos-de-youtube-2026","82.8","111","0","8.8"
"youtube24128","134","https://www.marqly.com/pt/blog/conversar-com-videos-do-youtube-2026","17.2","23","0","8.2"
"karakeep alternative","117","https://www.marqly.com/alternatives/karakeep","79.5","93","4","4.7"
"karakeep alternative","117","https://www.marqly.com/blog/best-self-hosted-pocket-alternative","11.1","13","0","9.5"
"youtube61287","107","https://www.marqly.com/pt/blog/conversar-com-videos-do-youtube-2026","76.6","82","0","7.3"
"youtube61287","107","https://www.marqly.com/es/blog/chatear-con-videos-de-youtube-2026","22.4","24","0","7.4"
"memex alternatives","105","https://www.marqly.com/blog","41","43","0","14.1"
"memex alternatives","105","https://www.marqly.com/alternatives/diigo","36.2","38","0","16.1"
"memex alternatives","105","https://www.marqly.com/alternatives","17.1","18","0","18.7"
"youtube81287","105","https://www.marqly.com/pt/blog/conversar-com-videos-do-youtube-2026","68.6","72","0","8.4"
"youtube81287","105","https://www.marqly.com/es/blog/chatear-con-videos-de-youtube-2026","29.5","31","0","6.9"
"youtube81281","102","https://www.marqly.com/es/blog/chatear-con-videos-de-youtube-2026","71.6","73","0","8.7"
"youtube81281","102","https://www.marqly.com/pt/blog/conversar-com-videos-do-youtube-2026","21.6","22","0","9.2"
"youtube57281","100","https://www.marqly.com/es/blog/chatear-con-videos-de-youtube-2026","86","86","0","8.4"
"youtube57281","100","https://www.marqly.com/it/blog/riassumere-video-youtube-con-ia-2026","14","14","0","8.4"
"youtube28146","99","https://www.marqly.com/es/blog/chatear-con-videos-de-youtube-2026","87.9","87","0","8.1"
"youtube28146","99","https://www.marqly.com/pt/blog/conversar-com-videos-do-youtube-2026","10.1","10","0","8.6"
"pocket replacement","97","https://www.marqly.com/blog/best-pocket-alternatives-2026","63.9","62","0","11.6"
"pocket replacement","97","https://www.marqly.com/alternatives/pocket","28.9","28","0","15.6"
"diigo momtl","96","https://www.marqly.com/alternatives/diigo","79.2","76","0","3.6"
"diigo momtl","96","https://www.marqly.com/compare/marqly-vs-diigo","20.8","20","0","15"
"youtube77281","95","https://www.marqly.com/es/blog/chatear-con-videos-de-youtube-2026","71.6","68","0","8.4"
"youtube77281","95","https://www.marqly.com/it/blog/riassumere-video-youtube-con-ia-2026","20","19","0","8.5"
"youtube22628","92","https://www.marqly.com/es/blog/chatear-con-videos-de-youtube-2026","63","58","0","7.4"
"youtube22628","92","https://www.marqly.com/it/blog/riassumere-video-youtube-con-ia-2026","19.6","18","0","8.3"
"youtube22628","92","https://www.marqly.com/es/blog/resumir-videos-youtube-con-ia-2026","17.4","16","0","9.3"
"instapaper alternatives","91","https://www.marqly.com/blog/instapaper-alternatives-2026","74.7","68","0","7.2"
"instapaper alternatives","91","https://www.marqly.com/alternatives/instapaper","25.3","23","0","8.9"
"wallabag alternative","91","https://www.marqly.com/alternatives/wallabag","79.1","72","2","4.4"
"wallabag alternative","91","https://www.marqly.com/blog/best-self-hosted-pocket-alternative","19.8","18","0","7.1"
"youtube86287","87","https://www.marqly.com/es/blog/chatear-con-videos-de-youtube-2026","74.7","65","0","7.6"
"youtube86287","87","https://www.marqly.com/it/blog/riassumere-video-youtube-con-ia-2026","23","20","0","8.5"
"bookmarking tool","85","https://www.marqly.com/alternatives","27.1","23","0","60.3"
"bookmarking tool","85","https://www.marqly.com/blog","25.9","22","0","36.9"
"bookmarking tool","85","https://www.marqly.com/compare","24.7","21","0","72.1"
"bookmarking tool","85","https://www.marqly.com/bookmark-manager-for-chrome","11.8","10","0","53.1"
"bookmarking tool","85","https://www.marqly.com/for-researchers","10.6","9","0","82.2"
"youtube62287","83","https://www.marqly.com/es/blog/chatear-con-videos-de-youtube-2026","89.2","74","0","8.9"
"youtube62287","83","https://www.marqly.com/it/blog/riassumere-video-youtube-con-ia-2026","10.8","9","0","8.3"
"hey pocket alternative","79","https://www.marqly.com/blog/best-pocket-alternatives-2026","77.2","61","0","8.7"
"hey pocket alternative","79","https://www.marqly.com/de/blog/pocket-alternativen-2026","12.7","10","0","10.3"
"raindrop alternative","79","https://www.marqly.com/alternatives/raindrop","77.2","61","0","14.3"
"raindrop alternative","79","https://www.marqly.com/fr/alternatives/raindrop","11.4","9","0","7.4"
"symbaloo vs padlet","79","https://www.marqly.com/alternatives","51.9","41","0","73.1"
"symbaloo vs padlet","79","https://www.marqly.com/compare","48.1","38","0","64.8"
"youtube24281","76","https://www.marqly.com/es/blog/chatear-con-videos-de-youtube-2026","64.5","49","0","8.3"
"youtube24281","76","https://www.marqly.com/it/blog/riassumere-video-youtube-con-ia-2026","32.9","25","0","7.4"
"youtube28354","76","https://www.marqly.com/es/blog/chatear-con-videos-de-youtube-2026","67.1","51","0","8.6"
"youtube28354","76","https://www.marqly.com/it/blog/riassumere-video-youtube-con-ia-2026","31.6","24","0","8.5"
"diigo alternatives","75","https://www.marqly.com/alternatives/diigo","60","45","1","7.2"
"diigo alternatives","75","https://www.marqly.com/compare/marqly-vs-diigo","21.3","16","0","28.1"
"diigo alternatives","75","https://www.marqly.com/alternatives","12","9","0","40.8"
"symbaloo vs wakelet","74","https://www.marqly.com/compare","74.3","55","0","51.4"
"symbaloo vs wakelet","74","https://www.marqly.com/alternatives","25.7","19","0","71.3"
"bookmark manager tools with web clipper preserving formatting and source metadata during content extraction.","72","https://www.marqly.com/for-researchers","29.2","21","0","10.2"
"bookmark manager tools with web clipper preserving formatting and source metadata during content extraction.","72","https://www.marqly.com/compare","19.4","14","0","7.9"
"bookmark manager tools with web clipper preserving formatting and source metadata during content extraction.","72","https://www.marqly.com/compare/linkwarden-vs-obsidian-web-clipper","12.5","9","0","7.2"
"bookmark manager tools with web clipper preserving formatting and source metadata during content extraction.","72","https://www.marqly.com/compare/raindrop-vs-obsidian-web-clipper","11.1","8","0","7.3"
"youtube28281","71","https://www.marqly.com/es/blog/chatear-con-videos-de-youtube-2026","60.6","43","0","9.3"
"youtube28281","71","https://www.marqly.com/it/blog/riassumere-video-youtube-con-ia-2026","38","27","0","8.1"
"youtube41281","69","https://www.marqly.com/es/blog/chatear-con-videos-de-youtube-2026","65.2","45","0","7"
"youtube41281","69","https://www.marqly.com/it/blog/riassumere-video-youtube-con-ia-2026","27.5","19","0","7.9"
"readwise alternatives","66","https://www.marqly.com/alternatives/readwise-reader","80.3","53","0","25.5"
"readwise alternatives","66","https://www.marqly.com/alternatives/readwise","18.2","12","0","20.7"
"web based bookmarks","66","https://www.marqly.com/compare","53","35","0","62.1"
"web based bookmarks","66","https://www.marqly.com/blog","47","31","0","44.1"
"favorites organizer","64","https://www.marqly.com/bookmark-organizer","75","48","0","44.8"
"favorites organizer","64","https://www.marqly.com/blog/how-to-organize-bookmarks","25","16","0","30.3"
"youtube86281","61","https://www.marqly.com/es/blog/chatear-con-videos-de-youtube-2026","86.9","53","0","9.2"
"youtube86281","61","https://www.marqly.com/it/blog/riassumere-video-youtube-con-ia-2026","13.1","8","0","8.6"
"highlight the text","58","https://www.marqly.com/faq/how-do-i-highlight-text-on-a-website","72.4","42","0","52.6"
"highlight the text","58","https://www.marqly.com/blog/how-to-highlight-text-on-any-website","27.6","16","0","46.5"
"how can i automatically tag and organize my bookmarked articles and videos from the web?","58","https://www.marqly.com/blog/can-ai-organize-my-bookmarks-automatically","39.7","23","0","5.4"
"how can i automatically tag and organize my bookmarked articles and videos from the web?","58","https://www.marqly.com/blog/how-to-organize-bookmarks","34.5","20","0","5.5"
"readwise alternative","58","https://www.marqly.com/alternatives/readwise","70.7","41","2","10.1"
"readwise alternative","58","https://www.marqly.com/alternatives/readwise-reader","29.3","17","0","21.2"
"bookmark integrations","55","https://www.marqly.com/bookmark-sync","80","44","0","60"
"bookmark integrations","55","https://www.marqly.com/blog/how-to-organize-bookmarks","20","11","0","72.1"
"youtube59728","55","https://www.marqly.com/es/blog/chatear-con-videos-de-youtube-2026","89.1","49","0","8.8"
"youtube59728","55","https://www.marqly.com/it/blog/riassumere-video-youtube-con-ia-2026","10.9","6","0","8.5"
"youtube98628","55","https://www.marqly.com/es/blog/chatear-con-videos-de-youtube-2026","89.1","49","0","6.9"
"youtube98628","55","https://www.marqly.com/it/blog/riassumere-video-youtube-con-ia-2026","10.9","6","0","8"
"exportar favoritos chrome","53","https://www.marqly.com/pt/blog/exportar-favoritos-chrome","83","44","0","13.9"
"exportar favoritos chrome","53","https://www.marqly.com/es/blog/exportar-marcadores-chrome","17","9","0","26.6"
"linkwarden vs raindrop","53","https://www.marqly.com/alternatives/linkwarden","45.3","24","0","7.3"
"linkwarden vs raindrop","53","https://www.marqly.com/alternatives/raindrop","24.5","13","0","8.1"
"linkwarden vs raindrop","53","https://www.marqly.com/blog/best-free-bookmark-managers-2026","11.3","6","0","7"
"linkwarden vs raindrop","53","https://www.marqly.com/compare/raindrop-vs-linkwarden","11.3","6","0","1.8"
"youtube62812","53","https://www.marqly.com/es/blog/chatear-con-videos-de-youtube-2026","81.1","43","0","9.2"
"youtube62812","53","https://www.marqly.com/it/blog/riassumere-video-youtube-con-ia-2026","11.3","6","0","8.5"
"youtube62813","52","https://www.marqly.com/es/blog/chatear-con-videos-de-youtube-2026","84.6","44","0","8.8"
"youtube62813","52","https://www.marqly.com/it/blog/riassumere-video-youtube-con-ia-2026","15.4","8","0","9"
"instapaper pricing","51","https://www.marqly.com/blog/instapaper-review-2026","84.3","43","0","10"
"instapaper pricing","51","https://www.marqly.com/alternatives/instapaper","15.7","8","0","21"
"youtube28873","50","https://www.marqly.com/es/blog/chatear-con-videos-de-youtube-2026","66","33","0","7.4"
"youtube28873","50","https://www.marqly.com/it/blog/riassumere-video-youtube-con-ia-2026","16","8","0","9.4"
"youtube28873","50","https://www.marqly.com/pt/blog/conversar-com-videos-do-youtube-2026","16","8","0","9.6"
