"query","impressions","clicks","ctr","position"
"pocket alternatives","2171","7","0.0030","9.1"
"thumbnail grabber","1005","4","0.0040","9.2"
"pocket alternative","976","11","0.0110","9.9"
"youtube thumbnail grabber","629","0","0.0000","11.4"
"youtube thumbnail download short","548","3","0.0050","8.5"
"bookmarklet maker","453","2","0.0040","8.8"
"linkwarden vs karakeep","440","6","0.0140","4.6"
"youtube 文字起こし コピー","418","2","0.0050","9.8"
"pocket ai alternative","411","11","0.0270","7.6"
"karakeep vs linkwarden","378","7","0.0190","5.1"
"readwise pricing","366","1","0.0030","10.0"
"notion web clipper","359","0","0.0000","16.2"
"pinterest alternatives","273","2","0.0070","12.9"
"mymind pricing","241","2","0.0080","8.9"
"bookmark manager","8000","22","0.0027","39.1"
"read it later app","2000","4","0.0020","48.1"
"bookmark organizer","1500","3","0.0020","38.3"
"online bookmark manager","1200","2","0.0020","52.9"
"chrome bookmark manager","3000","15","0.0050","15.7"
"bookmark manager for chrome","2000","8","0.0040","22.2"
"best free bookmark manager","1200","5","0.0040","23.5"
"ai bookmark manager","3000","15","0.0050","18.1"
"ai bookmark organizer","1000","5","0.0050","17.2"
"web highlighter","2000","12","0.0060","16.9"
"website highlighter","800","2","0.0030","20.1"
"summarize youtube video","1500","4","0.0030","37.6"
"how to organize bookmarks","1500","10","0.0070","22.4"
"toby vs onetab","225","1","0.0050","19.6"
"raindrop vs pocket","181","1","0.0060","25.6"
"readwise reader pricing","200","1","0.0040","12.0"
"instapaper pricing","200","1","0.0050","11.0"
"raindrop pricing","220","1","0.0060","10.5"
"bookmark manager for teachers","500","2","0.0040","15.8"
"bookmark organizer for students","200","1","0.0050","20.0"
"google bookmarks was removed","400","4","0.0100","18.0"
"netscape bookmark file","600","4","0.0070","14.0"
"export bookmarks html","500","4","0.0090","12.0"
"markly","368","3","0.0080","0.8"
