"deploy_date","url","change_type","before_units_or_parity","after_units_or_parity","before_title_len","after_title_len","note"
"PENDING-not-deployed","/tools/youtube-thumbnail-downloader","content-expand","274","1123","56","56","2026-10-05 session; fill deploy_date at marqly-astro push"
"PENDING-not-deployed","/tools/bookmarklet-maker","content-expand","312","1109","60","60","2026-10-05 session; fill deploy_date at marqly-astro push"
"PENDING-not-deployed","/tools/reading-time","content-expand","673","1394","51","55","2026-10-05 session; fill deploy_date at marqly-astro push"
"PENDING-not-deployed","/tools/youtube-chapter-generator","content-expand","513","1620","58","58","2026-10-05 session; fill deploy_date at marqly-astro push"
"PENDING-not-deployed","/tools/duplicate-bookmark-finder","content-expand","703","1666","61","25","2026-10-05 session; fill deploy_date at marqly-astro push"
"PENDING-not-deployed","/tools/dead-link-checker","content-expand","746","2005","56","56","2026-10-05 session; fill deploy_date at marqly-astro push"
"PENDING-not-deployed","/blog/export-tiktok-favorites","NEW-page","0","2107","0","40","2026-10-05 session; fill deploy_date at marqly-astro push"
"PENDING-not-deployed","/blog/export-pinterest-boards","NEW-page","0","1941","0","40","2026-10-05 session; fill deploy_date at marqly-astro push"
"PENDING-not-deployed","/blog/export-linkedin-saved-items","NEW-page","0","2076","0","44","2026-10-05 session; fill deploy_date at marqly-astro push"
"PENDING-not-deployed","/blog/export-threads-posts","NEW-page","0","2026","0","43","2026-10-05 session; fill deploy_date at marqly-astro push"
"PENDING-not-deployed","/blog/export-facebook-saved","NEW-page","0","1952","0","44","2026-10-05 session; fill deploy_date at marqly-astro push"
"PENDING-not-deployed","/blog/export-google-keep","NEW-page","0","1964","0","51","2026-10-05 session; fill deploy_date at marqly-astro push"
"PENDING-not-deployed","/blog/export-safari-bookmarks","NEW-page","0","2023","0","40","2026-10-05 session; fill deploy_date at marqly-astro push"
"PENDING-not-deployed","/blog/export-edge-bookmarks","NEW-page","0","1840","0","46","2026-10-05 session; fill deploy_date at marqly-astro push"
"PENDING-not-deployed","/blog/export-firefox-bookmarks","NEW-page","0","1797","0","49","2026-10-05 session; fill deploy_date at marqly-astro push"
"PENDING-not-deployed","/blog/export-brave-bookmarks","NEW-page","0","1773","0","47","2026-10-05 session; fill deploy_date at marqly-astro push"
"PENDING-not-deployed","/blog/backup-all-browser-bookmarks","NEW-page","0","2436","0","50","2026-10-05 session; fill deploy_date at marqly-astro push"
"PENDING-not-deployed","/de/fuer-berater","localization-parity","0.98","6.47","","","2026-10-05 session; fill deploy_date at marqly-astro push"
"PENDING-not-deployed","/de/fuer-ux-researcher","localization-parity","0.96","6.23","","","2026-10-05 session; fill deploy_date at marqly-astro push"
"PENDING-not-deployed","/es/usos/consultores","localization-parity","1.16","5.07","","","2026-10-05 session; fill deploy_date at marqly-astro push"
"PENDING-not-deployed","/es/usos/curacion-de-contenido","localization-parity","1.12","4.95","","","2026-10-05 session; fill deploy_date at marqly-astro push"
"PENDING-not-deployed","/es/usos/doctorandos","localization-parity","1.16","4.96","","","2026-10-05 session; fill deploy_date at marqly-astro push"
"PENDING-not-deployed","/es/usos/gestor-marcadores-firefox","localization-parity","1.18","5.48","","","2026-10-05 session; fill deploy_date at marqly-astro push"
"PENDING-not-deployed","/es/usos/historial-portapapeles","localization-parity","1.08","5.44","","","2026-10-05 session; fill deploy_date at marqly-astro push"
"PENDING-not-deployed","/es/usos/investigadores-ux","localization-parity","1.15","5.18","","","2026-10-05 session; fill deploy_date at marqly-astro push"
"PENDING-not-deployed","/es/usos/nueva-pestana","localization-parity","1.08","4.84","","","2026-10-05 session; fill deploy_date at marqly-astro push"
"PENDING-not-deployed","/es/usos/sincronizar-marcadores","localization-parity","1.12","5.21","","","2026-10-05 session; fill deploy_date at marqly-astro push"
"PENDING-not-deployed","/es/blog/mejores-gestores-marcadores-ia-2026","localization-parity","1.1","5.46","","","2026-10-05 session; fill deploy_date at marqly-astro push"
"PENDING-not-deployed","/de/blog/beste-ai-lesezeichen-manager-2026","localization-parity","0.96","6.89","","","2026-10-05 session; fill deploy_date at marqly-astro push"
"PENDING-not-deployed","/ja/blog/best-ai-bookmark-manager-2026","localization-parity","1.66","4.81","","","2026-10-05 session; fill deploy_date at marqly-astro push"
"PENDING-not-deployed","/ko/blog/best-ai-bookmark-manager-2026","localization-parity","1.39","3.67","","","2026-10-05 session; fill deploy_date at marqly-astro push"
"PENDING-not-deployed","/ja/blog/bookmark-seiri-guide-2026","localization-parity","1.62","6.01","","","2026-10-05 session; fill deploy_date at marqly-astro push"
"PENDING-not-deployed","/ko/blog/bookmark-jeongri-guide-2026","localization-parity","1.33","4.34","","","2026-10-05 session; fill deploy_date at marqly-astro push"
"PENDING-not-deployed","/ko/blog/chrome-bookmark-gajyeoogi-2026","localization-parity","1.3","3.64","","","2026-10-05 session; fill deploy_date at marqly-astro push"
"PENDING-not-deployed","/es/blog/mejores-apps-segundo-cerebro-2026","localization-parity","1.07","4.92","","","2026-10-05 session; fill deploy_date at marqly-astro push"
"PENDING-not-deployed","/de/blog/beste-second-brain-apps-2026","localization-parity","0.95","6.1","","","2026-10-05 session; fill deploy_date at marqly-astro push"
"PENDING-not-deployed","/es/blog/que-es-una-app-de-segundo-cerebro-2026","localization-parity","1.06","5.83","","","2026-10-05 session; fill deploy_date at marqly-astro push"
"PENDING-not-deployed","/de/blog/was-ist-eine-second-brain-app-2026","localization-parity","0.96","7.46","","","2026-10-05 session; fill deploy_date at marqly-astro push"
"PENDING-not-deployed","/ja/blog/what-is-a-second-brain-app-2026","localization-parity","1.69","5.96","","","2026-10-05 session; fill deploy_date at marqly-astro push"
"PENDING-not-deployed","/ko/blog/what-is-a-second-brain-app-2026","localization-parity","1.38","4.38","","","2026-10-05 session; fill deploy_date at marqly-astro push"
"PENDING-not-deployed","/de/blog/was-steht-in-der-pocket-exportdatei-2026","localization-parity","0.94","8.58","","","2026-10-05 session; fill deploy_date at marqly-astro push"
"PENDING-not-deployed","/ja/blog/what-is-in-your-pocket-export-file-2026","localization-parity","1.7","7.63","","","2026-10-05 session; fill deploy_date at marqly-astro push"
"PENDING-not-deployed","/ko/blog/what-is-in-your-pocket-export-file-2026","localization-parity","1.5","6.18","","","2026-10-05 session; fill deploy_date at marqly-astro push"
"PENDING-not-deployed","/de/blog/raindrop-io-testbericht-2026","localization-parity","0.95","7.29","","","2026-10-05 session; fill deploy_date at marqly-astro push"
"PENDING-not-deployed","/ja/blog/raindrop-review-2026","localization-parity","1.89","7.98","","","2026-10-05 session; fill deploy_date at marqly-astro push"
"PENDING-not-deployed","/ko/blog/raindrop-review-2026","localization-parity","1.66","6.66","","","2026-10-05 session; fill deploy_date at marqly-astro push"
"PENDING-not-deployed","/de/blog/instapaper-testbericht-2026","localization-parity","0.92","8.6","","","2026-10-05 session; fill deploy_date at marqly-astro push"
"PENDING-not-deployed","/ja/blog/instapaper-review-2026","localization-parity","1.94","8.51","","","2026-10-05 session; fill deploy_date at marqly-astro push"
"PENDING-not-deployed","/ko/blog/instapaper-review-2026","localization-parity","1.78","7.41","","","2026-10-05 session; fill deploy_date at marqly-astro push"
"PENDING-not-deployed","/de/blog/readwise-reader-testbericht-2026","localization-parity","0.94","8.97","","","2026-10-05 session; fill deploy_date at marqly-astro push"
"PENDING-not-deployed","/ja/blog/readwise-reader-review-2026","localization-parity","1.99","7.63","","","2026-10-05 session; fill deploy_date at marqly-astro push"
"PENDING-not-deployed","/ko/blog/readwise-reader-review-2026","localization-parity","1.72","5.98","","","2026-10-05 session; fill deploy_date at marqly-astro push"
"PENDING-not-deployed","/de/blog/beste-self-hosted-pocket-alternativen-2026","localization-parity","0.93","12.07","","","2026-10-05 session; fill deploy_date at marqly-astro push"
"PENDING-not-deployed","/ja/blog/best-self-hosted-pocket-alternative-2026","localization-parity","1.87","10.64","","","2026-10-05 session; fill deploy_date at marqly-astro push"
"PENDING-not-deployed","/ko/blog/best-self-hosted-pocket-alternative-2026","localization-parity","1.64","8.55","","","2026-10-05 session; fill deploy_date at marqly-astro push"
"PENDING-not-deployed","/de/blog/karakeep-testbericht-2026","localization-parity","0.94","9.43","","","2026-10-05 session; fill deploy_date at marqly-astro push"
"PENDING-not-deployed","/ja/blog/karakeep-review-2026","localization-parity","2.02","7.8","","","2026-10-05 session; fill deploy_date at marqly-astro push"
"PENDING-not-deployed","/ko/blog/karakeep-review-2026","localization-parity","1.79","6.97","","","2026-10-05 session; fill deploy_date at marqly-astro push"
"PENDING-not-deployed","/es/blog/resena-linkwarden-2026","localization-parity","1.15","5.4","","","2026-10-05 session; fill deploy_date at marqly-astro push"
"PENDING-not-deployed","/de/blog/linkwarden-testbericht-2026","localization-parity","0.97","10.95","","","2026-10-05 session; fill deploy_date at marqly-astro push"
"PENDING-not-deployed","/ja/blog/linkwarden-review-2026","localization-parity","2.05","8.36","","","2026-10-05 session; fill deploy_date at marqly-astro push"
"PENDING-not-deployed","/ko/blog/linkwarden-review-2026","localization-parity","1.69","6.72","","","2026-10-05 session; fill deploy_date at marqly-astro push"
"PENDING-not-deployed","/about","NEW-page","0","464","0","38","2026-10-05 session; fill deploy_date at marqly-astro push"
"PENDING-not-deployed","/how-we-test","NEW-page","0","586","0","20","2026-10-05 session; fill deploy_date at marqly-astro push"
"PENDING-not-deployed","/authors","NEW-page","0","48","0","16","2026-10-05 session; fill deploy_date at marqly-astro push"
"PENDING-not-deployed","/authors/amro-shahbari","NEW-page","0","329","0","31","2026-10-05 session; fill deploy_date at marqly-astro push"
"PENDING-not-deployed","/bookmark-manager","NEW-page","0","1149","0","48","2026-10-05 session; fill deploy_date at marqly-astro push"
"PENDING-not-deployed","/research","NEW-page","0","74","0","17","2026-10-05 session; fill deploy_date at marqly-astro push"
"PENDING-not-deployed","/research/bookmark-import-fidelity","NEW-page","0","803","0","59","2026-10-05 session; fill deploy_date at marqly-astro push"
"PENDING-not-deployed","/blog/pocket-replacements-2026","truth-fix(pocket-html->list.csv)","","","","","2026-10-05 session; fill deploy_date at marqly-astro push"
"PENDING-not-deployed","/blog/how-to-export-migrate-pocket-data","truth-fix(pocket-html->list.csv)","","","","","2026-10-05 session; fill deploy_date at marqly-astro push"
"PENDING-not-deployed","/blog/pl/alternatywy-pocket-2026","truth-fix(pocket-html->list.csv)","","","","","2026-10-05 session; fill deploy_date at marqly-astro push"
"PENDING-not-deployed","/blog/ko/pocket-daeche-2026","truth-fix(pocket-html->list.csv)","","","","","2026-10-05 session; fill deploy_date at marqly-astro push"
"PENDING-not-deployed","/","homepage-faq-add","","","","60","2026-10-05 session; fill deploy_date at marqly-astro push"
"PENDING-not-deployed","/ko/blog/marqly-review-2026","localization-parity-r2","0.23","","","","2026-10-05 round2; fill deploy_date at push"
"PENDING-not-deployed","/de/content-curation","localization-parity-r2","0.21","","","","2026-10-05 round2; fill deploy_date at push"
"PENDING-not-deployed","/de/fuer-doktoranden","localization-parity-r2","0.17","","","","2026-10-05 round2; fill deploy_date at push"
"PENDING-not-deployed","/de/fuer-gruender","localization-parity-r2","0.17","","","","2026-10-05 round2; fill deploy_date at push"
"PENDING-not-deployed","/de/fuer-produktmanager","localization-parity-r2","0.18","","","","2026-10-05 round2; fill deploy_date at push"
"PENDING-not-deployed","/de/fuer-recruiter","localization-parity-r2","0.2","","","","2026-10-05 round2; fill deploy_date at push"
"PENDING-not-deployed","/de/fuer-vertrieb","localization-parity-r2","0.17","","","","2026-10-05 round2; fill deploy_date at push"
"PENDING-not-deployed","/de/lesezeichen-manager-edge","localization-parity-r2","0.19","","","","2026-10-05 round2; fill deploy_date at push"
"PENDING-not-deployed","/de/lesezeichen-organizer","localization-parity-r2","0.22","","","","2026-10-05 round2; fill deploy_date at push"
"PENDING-not-deployed","/de/webseite-als-pdf-speichern","localization-parity-r2","0.21","","","","2026-10-05 round2; fill deploy_date at push"
"PENDING-not-deployed","/de/zwischenablage-verlauf","localization-parity-r2","0.17","","","","2026-10-05 round2; fill deploy_date at push"
"PENDING-not-deployed","/es/usos/academicos","localization-parity-r2","0.2","","","","2026-10-05 round2; fill deploy_date at push"
"PENDING-not-deployed","/es/usos/buscar-trabajo","localization-parity-r2","0.23","","","","2026-10-05 round2; fill deploy_date at push"
"PENDING-not-deployed","/es/usos/gestor-marcadores-chrome","localization-parity-r2","0.21","","","","2026-10-05 round2; fill deploy_date at push"
"PENDING-not-deployed","/es/usos/gestor-marcadores-edge","localization-parity-r2","0.21","","","","2026-10-05 round2; fill deploy_date at push"
"PENDING-not-deployed","/es/usos/gestor-marcadores-iphone","localization-parity-r2","0.21","","","","2026-10-05 round2; fill deploy_date at push"
"PENDING-not-deployed","/es/usos/guardar-pagina-pdf","localization-parity-r2","0.23","","","","2026-10-05 round2; fill deploy_date at push"
"PENDING-not-deployed","/es/usos/organizador-de-marcadores","localization-parity-r2","0.2","","","","2026-10-05 round2; fill deploy_date at push"
"PENDING-not-deployed","/es/usos/reclutadores","localization-parity-r2","0.22","","","","2026-10-05 round2; fill deploy_date at push"
"PENDING-not-deployed","/es/usos/resumidor-youtube","localization-parity-r2","0.2","","","","2026-10-05 round2; fill deploy_date at push"
"PENDING-not-deployed","/es/usos/swipe-file","localization-parity-r2","0.21","","","","2026-10-05 round2; fill deploy_date at push"
"PENDING-not-deployed","/ja/alternatives/evernote","localization-parity-r2","0.24","","","","2026-10-05 round2; fill deploy_date at push"
"PENDING-not-deployed","/ja/alternatives/notion","localization-parity-r2","0.24","","","","2026-10-05 round2; fill deploy_date at push"
"PENDING-not-deployed","/ja/bookmark-manager-for-chrome","localization-parity-r2","0.25","","","","2026-10-05 round2; fill deploy_date at push"
"PENDING-not-deployed","/ja/bookmark-manager-for-edge","localization-parity-r2","0.23","","","","2026-10-05 round2; fill deploy_date at push"
"PENDING-not-deployed","/ja/bookmark-manager-for-iphone","localization-parity-r2","0.26","","","","2026-10-05 round2; fill deploy_date at push"
"PENDING-not-deployed","/ja/bookmark-organizer","localization-parity-r2","0.25","","","","2026-10-05 round2; fill deploy_date at push"
"PENDING-not-deployed","/ja/clipboard-history","localization-parity-r2","0.21","","","","2026-10-05 round2; fill deploy_date at push"
"PENDING-not-deployed","/ja/content-curation","localization-parity-r2","0.25","","","","2026-10-05 round2; fill deploy_date at push"
"PENDING-not-deployed","/ja/for-consultants","localization-parity-r2","0.22","","","","2026-10-05 round2; fill deploy_date at push"
"PENDING-not-deployed","/ja/for-phd-students","localization-parity-r2","0.22","","","","2026-10-05 round2; fill deploy_date at push"
"PENDING-not-deployed","/ja/for-sales","localization-parity-r2","0.22","","","","2026-10-05 round2; fill deploy_date at push"
"PENDING-not-deployed","/ja/for-ux-researchers","localization-parity-r2","0.21","","","","2026-10-05 round2; fill deploy_date at push"
"PENDING-not-deployed","/ko/alternatives/notion","localization-parity-r2","0.22","","","","2026-10-05 round2; fill deploy_date at push"
"PENDING-not-deployed","/ko/clipboard-history","localization-parity-r2","0.27","","","","2026-10-05 round2; fill deploy_date at push"
"PENDING-not-deployed","/ko/content-curation","localization-parity-r2","0.32","","","","2026-10-05 round2; fill deploy_date at push"
"PENDING-not-deployed","/ko/for-consultants","localization-parity-r2","0.25","","","","2026-10-05 round2; fill deploy_date at push"
"PENDING-not-deployed","/ko/for-phd-students","localization-parity-r2","0.3","","","","2026-10-05 round2; fill deploy_date at push"
"PENDING-not-deployed","/ko/for-product-managers","localization-parity-r2","0.27","","","","2026-10-05 round2; fill deploy_date at push"
"PENDING-not-deployed","/ko/for-recruiters","localization-parity-r2","0.33","","","","2026-10-05 round2; fill deploy_date at push"
"PENDING-not-deployed","/ko/for-sales","localization-parity-r2","0.27","","","","2026-10-05 round2; fill deploy_date at push"
"PENDING-not-deployed","/ko/for-ux-researchers","localization-parity-r2","0.28","","","","2026-10-05 round2; fill deploy_date at push"
"PENDING-not-deployed","/ko/job-search-organizer","localization-parity-r2","0.33","","","","2026-10-05 round2; fill deploy_date at push"
"PENDING-not-deployed","/de/fuer-immobilienmakler","localization-parity-r3","209","0.98","","","2026-10-05 round3"
"PENDING-not-deployed","/de/fuer-wissenschaftler","localization-parity-r3","222","0.96","","","2026-10-05 round3"
"PENDING-not-deployed","/de/jobsuche-organisieren","localization-parity-r3","220","0.97","","","2026-10-05 round3"
"PENDING-not-deployed","/de/lesezeichen-manager-chrome","localization-parity-r3","213","0.99","","","2026-10-05 round3"
"PENDING-not-deployed","/de/lesezeichen-manager-firefox","localization-parity-r3","208","1.02","","","2026-10-05 round3"
"PENDING-not-deployed","/de/lesezeichen-manager-safari","localization-parity-r3","212","0.97","","","2026-10-05 round3"
"PENDING-not-deployed","/de/lesezeichen-synchronisieren","localization-parity-r3","196","1.03","","","2026-10-05 round3"
"PENDING-not-deployed","/de/fuer-anwaelte","localization-parity-r3","220","0.98","","","2026-10-05 round3"
"PENDING-not-deployed","/de/lesezeichen-manager-iphone","localization-parity-r3","213","0.96","","","2026-10-05 round3"
"PENDING-not-deployed","/de/neuer-tab-dashboard","localization-parity-r3","254","0.97","","","2026-10-05 round3"
"PENDING-not-deployed","/es/usos/inmobiliaria","localization-parity-r3","271","1.15","","","2026-10-05 round3"
"PENDING-not-deployed","/es/usos/ventas","localization-parity-r3","255","1.15","","","2026-10-05 round3"
"PENDING-not-deployed","/es/usos/abogados","localization-parity-r3","279","1.18","","","2026-10-05 round3"
"PENDING-not-deployed","/es/usos/gestor-marcadores-safari","localization-parity-r3","277","1.14","","","2026-10-05 round3"
"PENDING-not-deployed","/es/usos/product-managers","localization-parity-r3","329","1.17","","","2026-10-05 round3"
"PENDING-not-deployed","/es/usos/fundadores","localization-parity-r3","304","1.21","","","2026-10-05 round3"
"PENDING-not-deployed","/es/blog/mejores-resaltadores-web-2026","localization-parity-r3","431","1.15","","","2026-10-05 round3"
"PENDING-not-deployed","/es/blog/mejores-gestores-marcadores-gratis-2026","localization-parity-r3","452","1.17","","","2026-10-05 round3"
"PENDING-not-deployed","/es/blog/resena-instapaper-2026","localization-parity-r3","472","1.18","","","2026-10-05 round3"
"PENDING-not-deployed","/es/blog/guardar-pagina-web-en-pdf","localization-parity-r3","609","1.14","","","2026-10-05 round3"
"PENDING-not-deployed","/ja/for-product-managers","localization-parity-r3","463","1.8","","","2026-10-05 round3"
"PENDING-not-deployed","/ja/job-search-organizer","localization-parity-r3","479","1.67","","","2026-10-05 round3"
"PENDING-not-deployed","/ja/youtube-summarizer","localization-parity-r3","463","1.77","","","2026-10-05 round3"
"PENDING-not-deployed","/ja/bookmark-manager-for-firefox","localization-parity-r3","485","1.85","","","2026-10-05 round3"
"PENDING-not-deployed","/ja/bookmark-sync","localization-parity-r3","492","1.83","","","2026-10-05 round3"
"PENDING-not-deployed","/ja/for-real-estate","localization-parity-r3","496","1.71","","","2026-10-05 round3"
"PENDING-not-deployed","/ja/for-recruiters","localization-parity-r3","511","1.73","","","2026-10-05 round3"
"PENDING-not-deployed","/ja/new-tab-dashboard","localization-parity-r3","519","1.57","","","2026-10-05 round3"
"PENDING-not-deployed","/ja/swipe-file","localization-parity-r3","510","1.67","","","2026-10-05 round3"
"PENDING-not-deployed","/ja/bookmark-manager-for-safari","localization-parity-r3","509","1.75","","","2026-10-05 round3"
"PENDING-not-deployed","/ko/bookmark-manager-for-edge","localization-parity-r3","506","1.67","","","2026-10-05 round3"
"PENDING-not-deployed","/ko/bookmark-manager-for-iphone","localization-parity-r3","516","1.54","","","2026-10-05 round3"
"PENDING-not-deployed","/ko/bookmark-organizer","localization-parity-r3","558","1.6","","","2026-10-05 round3"
"PENDING-not-deployed","/ko/for-real-estate","localization-parity-r3","547","1.52","","","2026-10-05 round3"
"PENDING-not-deployed","/ko/new-tab-dashboard","localization-parity-r3","548","1.38","","","2026-10-05 round3"
"PENDING-not-deployed","/ko/save-page-as-pdf","localization-parity-r3","521","1.4","","","2026-10-05 round3"
"PENDING-not-deployed","/ko/youtube-summarizer","localization-parity-r3","542","1.47","","","2026-10-05 round3"
"PENDING-not-deployed","/ko/bookmark-manager-for-chrome","localization-parity-r3","551","1.54","","","2026-10-05 round3"
"PENDING-not-deployed","/ko/bookmark-manager-for-firefox","localization-parity-r3","532","1.63","","","2026-10-05 round3"
"PENDING-not-deployed","/ko/bookmark-manager-for-safari","localization-parity-r3","554","1.59","","","2026-10-05 round3"
"PENDING-not-deployed","/de/fuer-designer","localization-parity-r4","242","0.97","","","2026-10-04/05 rounds 4"
"PENDING-not-deployed","/de/migration/raindrop","localization-parity-r4","835","1.2","","","2026-10-04/05 rounds 4"
"PENDING-not-deployed","/de/spaeter-lesen","localization-parity-r4","1061","0.87","","","2026-10-04/05 rounds 4"
"PENDING-not-deployed","/de/swipe-file","localization-parity-r4","229","0.99","","","2026-10-04/05 rounds 4"
"PENDING-not-deployed","/de/tabs-speichern","localization-parity-r4","1086","0.9","","","2026-10-04/05 rounds 4"
"PENDING-not-deployed","/de/webseiten-markieren","localization-parity-r4","1040","0.87","","","2026-10-04/05 rounds 4"
"PENDING-not-deployed","/de/youtube-zusammenfasser","localization-parity-r4","214","0.94","","","2026-10-04/05 rounds 4"
"PENDING-not-deployed","/es/usos/estudiantes","localization-parity-r4","1151","0.88","","","2026-10-04/05 rounds 4"
"PENDING-not-deployed","/es/extension","localization-parity-r4","1237","1.09","","","2026-10-04/05 rounds 4"
"PENDING-not-deployed","/es/usos/guardar-pestanas","localization-parity-r4","1177","1.03","","","2026-10-04/05 rounds 4"
"PENDING-not-deployed","/es/usos/guardar-articulos-leer-despues","localization-parity-r4","1253","1.11","","","2026-10-04/05 rounds 4"
"PENDING-not-deployed","/es/usos/profesores","localization-parity-r4","945","0.8","","","2026-10-04/05 rounds 4"
"PENDING-not-deployed","/fr/etudiants","localization-parity-r4","1149","0.81","","","2026-10-04/05 rounds 4"
"PENDING-not-deployed","/fr/lire-plus-tard","localization-parity-r4","1226","0.98","","","2026-10-04/05 rounds 4"
"PENDING-not-deployed","/fr/migration/raindrop","localization-parity-r4","948","1.35","","","2026-10-04/05 rounds 4"
"PENDING-not-deployed","/fr/sauvegarder-onglets","localization-parity-r4","1174","0.96","","","2026-10-04/05 rounds 4"
"PENDING-not-deployed","/fr/surligner-page-web","localization-parity-r4","1241","1.04","","","2026-10-04/05 rounds 4"
"PENDING-not-deployed","/it/evidenziatore-web","localization-parity-r4","1065","0.9","","","2026-10-04/05 rounds 4"
"PENDING-not-deployed","/it/salva-e-leggi-dopo","localization-parity-r4","1113","0.9","","","2026-10-04/05 rounds 4"
"PENDING-not-deployed","/it/salva-schede","localization-parity-r4","1034","0.82","","","2026-10-04/05 rounds 4"
"PENDING-not-deployed","/it/studenti","localization-parity-r4","1199","0.85","","","2026-10-04/05 rounds 4"
"PENDING-not-deployed","/ja/for-academics","localization-parity-r4","521","1.84","","","2026-10-04/05 rounds 4"
"PENDING-not-deployed","/ja/for-designers","localization-parity-r4","541","1.89","","","2026-10-04/05 rounds 4"
"PENDING-not-deployed","/ja/for-founders","localization-parity-r4","510","1.9","","","2026-10-04/05 rounds 4"
"PENDING-not-deployed","/ja/for-lawyers","localization-parity-r4","515","1.71","","","2026-10-04/05 rounds 4"
"PENDING-not-deployed","/ja/for-researchers","localization-parity-r4","678","1.73","","","2026-10-04/05 rounds 4"
"PENDING-not-deployed","/ja/for-students","localization-parity-r4","611","1.66","","","2026-10-04/05 rounds 4"
"PENDING-not-deployed","/ja/save-page-as-pdf","localization-parity-r4","503","1.68","","","2026-10-04/05 rounds 4"
"PENDING-not-deployed","/ko/bookmark-sync","localization-parity-r4","529","1.54","","","2026-10-04/05 rounds 4"
"PENDING-not-deployed","/ko/for-academics","localization-parity-r4","581","1.7","","","2026-10-04/05 rounds 4"
"PENDING-not-deployed","/ko/for-designers","localization-parity-r4","592","1.57","","","2026-10-04/05 rounds 4"
"PENDING-not-deployed","/ko/for-founders","localization-parity-r4","568","1.54","","","2026-10-04/05 rounds 4"
"PENDING-not-deployed","/ko/for-lawyers","localization-parity-r4","552","1.44","","","2026-10-04/05 rounds 4"
"PENDING-not-deployed","/ko/for-researchers","localization-parity-r4","785","1.49","","","2026-10-04/05 rounds 4"
"PENDING-not-deployed","/ko/for-students","localization-parity-r4","674","1.43","","","2026-10-04/05 rounds 4"
"PENDING-not-deployed","/ko/swipe-file","localization-parity-r4","574","1.43","","","2026-10-04/05 rounds 4"
"PENDING-not-deployed","/pt/marca-texto-para-sites","localization-parity-r4","1109","0.96","","","2026-10-04/05 rounds 4"
"PENDING-not-deployed","/pt/para-estudantes","localization-parity-r4","1222","0.9","","","2026-10-04/05 rounds 4"
"PENDING-not-deployed","/pt/salvar-abas","localization-parity-r4","1120","0.92","","","2026-10-04/05 rounds 4"
"PENDING-not-deployed","/pt/salvar-para-ler-depois","localization-parity-r4","1212","1","","","2026-10-04/05 rounds 4"
"PENDING-not-deployed","/es/herramientas/resumen-youtube","localization-parity-r4","492","1.31","","","2026-10-04/05 rounds 4"
"PENDING-not-deployed","/de/tools/youtube-zusammenfassung","localization-parity-r4","434","1.14","","","2026-10-04/05 rounds 4"
"PENDING-not-deployed","/ja/tools/youtube-summarize","localization-parity-r4","623","1.29","","","2026-10-04/05 rounds 4"
"PENDING-not-deployed","/ko/tools/youtube-summarize","localization-parity-r4","728","1.19","","","2026-10-04/05 rounds 4"
"PENDING-not-deployed","/es/herramientas/transcripcion-youtube","localization-parity-r4","597","1.24","","","2026-10-04/05 rounds 4"
"PENDING-not-deployed","/de/tools/youtube-transkript","localization-parity-r4","462","0.94","","","2026-10-04/05 rounds 4"
"PENDING-not-deployed","/ja/tools/youtube-transcript","localization-parity-r4","875","1.52","","","2026-10-04/05 rounds 4"
"PENDING-not-deployed","/ko/tools/youtube-transcript","localization-parity-r4","855","1.2","","","2026-10-04/05 rounds 4"
"PENDING-not-deployed","/es/blog/que-es-la-busqueda-semantica","localization-parity-r4","995","0.9","","","2026-10-04/05 rounds 4"
"PENDING-not-deployed","/pt/blog/o-que-e-busca-semantica","localization-parity-r4","992","0.88","","","2026-10-04/05 rounds 4"
"PENDING-not-deployed","/fr/blog/quest-ce-que-la-recherche-semantique","localization-parity-r4","1021","0.88","","","2026-10-04/05 rounds 4"
"PENDING-not-deployed","/it/blog/cos-e-la-ricerca-semantica","localization-parity-r4","905","0.8","","","2026-10-04/05 rounds 4"
"PENDING-not-deployed","/es/blog/alternativas-a-pocket-2026","localization-parity-r4","3412","1.06","","","2026-10-04/05 rounds 4"
"PENDING-not-deployed","/pt/blog/alternativas-ao-pocket-2026","localization-parity-r4","3264","0.98","","","2026-10-04/05 rounds 4"
"PENDING-not-deployed","/de/blog/pocket-alternativen-2026","localization-parity-r4","2630","0.8","","","2026-10-04/05 rounds 4"
"PENDING-not-deployed","/fr/blog/alternatives-a-pocket-2026","localization-parity-r4","3313","0.97","","","2026-10-04/05 rounds 4"
"PENDING-not-deployed","/it/blog/alternative-a-pocket-2026","localization-parity-r4","3230","0.97","","","2026-10-04/05 rounds 4"
"PENDING-not-deployed","/ja/blog/pocket-daitai-2026","localization-parity-r4","3717","1.07","","","2026-10-04/05 rounds 4"
"PENDING-not-deployed","/es/blog/mejores-apps-para-leer-despues-2026","localization-parity-r4","1140","1.05","","","2026-10-04/05 rounds 4"
"PENDING-not-deployed","/pt/blog/melhores-apps-salvar-para-ler-depois-2026","localization-parity-r4","1207","1.08","","","2026-10-04/05 rounds 4"
"PENDING-not-deployed","/de/blog/beste-read-it-later-apps-2026","localization-parity-r4","973","0.86","","","2026-10-04/05 rounds 4"
"PENDING-not-deployed","/fr/blog/meilleures-applications-lecture-differee-2026","localization-parity-r4","1199","1.05","","","2026-10-04/05 rounds 4"
"PENDING-not-deployed","/it/blog/migliori-app-salva-e-leggi-dopo-2026","localization-parity-r4","1147","1.03","","","2026-10-04/05 rounds 4"
"PENDING-not-deployed","/ja/blog/ato-de-yomu-app-2026","localization-parity-r4","1367","1.22","","","2026-10-04/05 rounds 4"
"PENDING-not-deployed","/ko/blog/najunge-ilgi-app-2026","localization-parity-r4","1547","1.11","","","2026-10-04/05 rounds 4"
"PENDING-not-deployed","/ja/blog/chrome-bookmark-import-guide-2026","localization-parity-r4","861","1.77","","","2026-10-04/05 rounds 4"
"PENDING-not-deployed","/es/blog/resumir-videos-youtube-con-ia-2026","localization-parity-r4","705","1.07","","","2026-10-04/05 rounds 4"
"PENDING-not-deployed","/de/blog/beste-web-highlighter-2026","localization-parity-r4","378","0.93","","","2026-10-04/05 rounds 4"
"PENDING-not-deployed","/de/blog/beste-kostenlose-lesezeichen-manager-2026","localization-parity-r4","365","0.95","","","2026-10-04/05 rounds 4"
"PENDING-not-deployed","/es/blog/mejores-gestores-pestanas-2026","localization-parity-r4","531","1.14","","","2026-10-04/05 rounds 4"
"PENDING-not-deployed","/de/blog/beste-tab-manager-2026","localization-parity-r4","351","0.93","","","2026-10-04/05 rounds 4"
"PENDING-not-deployed","/es/blog/mejores-resumidores-youtube-ia-2026","localization-parity-r4","592","1.17","","","2026-10-04/05 rounds 4"
"PENDING-not-deployed","/de/blog/webseite-als-pdf-speichern","localization-parity-r4","440","0.93","","","2026-10-04/05 rounds 4"
"PENDING-not-deployed","/ja/blog/how-to-build-a-second-brain-2026","localization-parity-r4","1376","1.14","","","2026-10-04/05 rounds 4"
"PENDING-not-deployed","/ko/blog/how-to-build-a-second-brain-2026","localization-parity-r4","1531","0.97","","","2026-10-04/05 rounds 4"
"PENDING-not-deployed","/ja/blog/save-youtube-videos-watch-later-2026","localization-parity-r4","1069","0.85","","","2026-10-04/05 rounds 4"
"PENDING-not-deployed","/es/blog/chatear-con-videos-de-youtube-2026","localization-parity-r4","563","1.08","","","2026-10-04/05 rounds 4"
"PENDING-not-deployed","/de/blog/mit-youtube-videos-chatten-2026","localization-parity-r4","420","0.95","","","2026-10-04/05 rounds 4"
"PENDING-not-deployed","/ko/blog/chat-with-youtube-videos-2026","localization-parity-r4","963","1.32","","","2026-10-04/05 rounds 4"
"PENDING-not-deployed","/es/blog/deja-de-organizar-marcadores-carpetas-obsoletas-2026","localization-parity-r4","544","1.1","","","2026-10-04/05 rounds 4"
"PENDING-not-deployed","/es/blog/como-exportar-publicaciones-guardadas-de-instagram-2026","localization-parity-r4","579","1.09","","","2026-10-04/05 rounds 4"
"PENDING-not-deployed","/ja/blog/notion-web-clipper-alternative-2026","localization-parity-r4","929","0.96","","","2026-10-04/05 rounds 4"
"PENDING-not-deployed","/es/blog/que-contiene-el-archivo-de-exportacion-de-pocket-2026","localization-parity-r4","589","1.08","","","2026-10-04/05 rounds 4"
"PENDING-not-deployed","/de/blog/marqly-testbericht-2026","localization-parity-r4","196","0.98","","","2026-10-04/05 rounds 4"
"PENDING-not-deployed","/ja/blog/marqly-review-2026","localization-parity-r4","434","2.22","","","2026-10-04/05 rounds 4"
"PENDING-not-deployed","/es/blog/resena-readwise-reader-2026","localization-parity-r4","461","1.2","","","2026-10-04/05 rounds 4"
"PENDING-not-deployed","/de/blog/beste-instapaper-alternativen-2026","localization-parity-r4","188","1","","","2026-10-04/05 rounds 4"
"PENDING-not-deployed","/ja/blog/instapaper-alternatives-2026","localization-parity-r4","362","2.4","","","2026-10-04/05 rounds 4"
"PENDING-not-deployed","/ko/blog/instapaper-alternatives-2026","localization-parity-r4","380","2.02","","","2026-10-04/05 rounds 4"
"PENDING-not-deployed","/es/blog/mejores-alternativas-autoalojadas-a-pocket-2026","localization-parity-r4","556","1.09","","","2026-10-04/05 rounds 4"
"PENDING-not-deployed","/es/blog/resena-karakeep-2026","localization-parity-r4","459","1.18","","","2026-10-04/05 rounds 4"
"PENDING-not-deployed","/ja/blog/mymind-review-2026","localization-parity-r4","4055","2.16","","","2026-10-04/05 rounds 4"
"PENDING-not-deployed","/zh/blog/mymind-review-2026","localization-parity-r4","3897","2.12","","","2026-10-04/05 rounds 4"
"PENDING-not-deployed","/ko/blog/mymind-review-2026","localization-parity-r4","4111","2.13","","","2026-10-04/05 rounds 4"
"PENDING-not-deployed","/ja/blog/digital-declutter-new-year","localization-parity-r4","2966","1.74","","","2026-10-04/05 rounds 4"
"PENDING-not-deployed","/zh/blog/digital-declutter-new-year","localization-parity-r4","2785","1.7","","","2026-10-04/05 rounds 4"
"PENDING-not-deployed","/ko/blog/digital-declutter-new-year","localization-parity-r4","3052","1.71","","","2026-10-04/05 rounds 4"
"PENDING-not-deployed","/es/usos/disenadores","localization-parity-r5/6/7","642","1.23","","","2026-10-05 rounds5-7 (STANDING49 kept as real offer; stub fabrications purged)"
"PENDING-not-deployed","/ja/for-content-creators","localization-parity-r5/6/7","784","1.67","","","2026-10-05 rounds5-7 (STANDING49 kept as real offer; stub fabrications purged)"
"PENDING-not-deployed","/ja/for-developers","localization-parity-r5/6/7","858","5.1","","","2026-10-05 rounds5-7 (STANDING49 kept as real offer; stub fabrications purged)"
"PENDING-not-deployed","/ja/for-journalists","localization-parity-r5/6/7","814","1.83","","","2026-10-05 rounds5-7 (STANDING49 kept as real offer; stub fabrications purged)"
"PENDING-not-deployed","/ja/for-marketers","localization-parity-r5/6/7","750","1.9","","","2026-10-05 rounds5-7 (STANDING49 kept as real offer; stub fabrications purged)"
"PENDING-not-deployed","/ja/for-teachers","localization-parity-r5/6/7","821","1.65","","","2026-10-05 rounds5-7 (STANDING49 kept as real offer; stub fabrications purged)"
"PENDING-not-deployed","/ja/for-writers","localization-parity-r5/6/7","842","1.71","","","2026-10-05 rounds5-7 (STANDING49 kept as real offer; stub fabrications purged)"
"PENDING-not-deployed","/ja/read-it-later","localization-parity-r5/6/7","724","1.67","","","2026-10-05 rounds5-7 (STANDING49 kept as real offer; stub fabrications purged)"
"PENDING-not-deployed","/ja/reading-list","localization-parity-r5/6/7","697","1.71","","","2026-10-05 rounds5-7 (STANDING49 kept as real offer; stub fabrications purged)"
"PENDING-not-deployed","/ja/recipe-organizer","localization-parity-r5/6/7","782","1.72","","","2026-10-05 rounds5-7 (STANDING49 kept as real offer; stub fabrications purged)"
"PENDING-not-deployed","/ja/research-organizer","localization-parity-r5/6/7","763","1.68","","","2026-10-05 rounds5-7 (STANDING49 kept as real offer; stub fabrications purged)"
"PENDING-not-deployed","/ja/second-brain","localization-parity-r5/6/7","929","4.99","","","2026-10-05 rounds5-7 (STANDING49 kept as real offer; stub fabrications purged)"
"PENDING-not-deployed","/ja/tab-manager","localization-parity-r5/6/7","685","1.78","","","2026-10-05 rounds5-7 (STANDING49 kept as real offer; stub fabrications purged)"
"PENDING-not-deployed","/ja/travel-planning","localization-parity-r5/6/7","763","1.54","","","2026-10-05 rounds5-7 (STANDING49 kept as real offer; stub fabrications purged)"
"PENDING-not-deployed","/ja/watch-later","localization-parity-r5/6/7","779","4.83","","","2026-10-05 rounds5-7 (STANDING49 kept as real offer; stub fabrications purged)"
"PENDING-not-deployed","/ja/web-highlighter","localization-parity-r5/6/7","646","1.89","","","2026-10-05 rounds5-7 (STANDING49 kept as real offer; stub fabrications purged)"
"PENDING-not-deployed","/ko/for-content-creators","localization-parity-r5/6/7","860","3.86","","","2026-10-05 rounds5-7 (STANDING49 kept as real offer; stub fabrications purged)"
"PENDING-not-deployed","/ko/for-developers","localization-parity-r5/6/7","933","4.09","","","2026-10-05 rounds5-7 (STANDING49 kept as real offer; stub fabrications purged)"
"PENDING-not-deployed","/ko/for-journalists","localization-parity-r5/6/7","940","1.57","","","2026-10-05 rounds5-7 (STANDING49 kept as real offer; stub fabrications purged)"
"PENDING-not-deployed","/ko/for-marketers","localization-parity-r5/6/7","869","4.23","","","2026-10-05 rounds5-7 (STANDING49 kept as real offer; stub fabrications purged)"
"PENDING-not-deployed","/ko/for-teachers","localization-parity-r5/6/7","1000","3.88","","","2026-10-05 rounds5-7 (STANDING49 kept as real offer; stub fabrications purged)"
"PENDING-not-deployed","/ko/for-writers","localization-parity-r5/6/7","1034","1.49","","","2026-10-05 rounds5-7 (STANDING49 kept as real offer; stub fabrications purged)"
"PENDING-not-deployed","/ko/read-it-later","localization-parity-r5/6/7","815","3.82","","","2026-10-05 rounds5-7 (STANDING49 kept as real offer; stub fabrications purged)"
"PENDING-not-deployed","/ko/reading-list","localization-parity-r5/6/7","809","1.48","","","2026-10-05 rounds5-7 (STANDING49 kept as real offer; stub fabrications purged)"
"PENDING-not-deployed","/ko/recipe-organizer","localization-parity-r5/6/7","896","3.81","","","2026-10-05 rounds5-7 (STANDING49 kept as real offer; stub fabrications purged)"
"PENDING-not-deployed","/ko/research-organizer","localization-parity-r5/6/7","904","4","","","2026-10-05 rounds5-7 (STANDING49 kept as real offer; stub fabrications purged)"
"PENDING-not-deployed","/ko/second-brain","localization-parity-r5/6/7","1014","1.47","","","2026-10-05 rounds5-7 (STANDING49 kept as real offer; stub fabrications purged)"
"PENDING-not-deployed","/ko/tab-manager","localization-parity-r5/6/7","742","1.45","","","2026-10-05 rounds5-7 (STANDING49 kept as real offer; stub fabrications purged)"
"PENDING-not-deployed","/ko/travel-planning","localization-parity-r5/6/7","905","3.96","","","2026-10-05 rounds5-7 (STANDING49 kept as real offer; stub fabrications purged)"
"PENDING-not-deployed","/ko/watch-later","localization-parity-r5/6/7","922","1.45","","","2026-10-05 rounds5-7 (STANDING49 kept as real offer; stub fabrications purged)"
"PENDING-not-deployed","/ko/web-highlighter","localization-parity-r5/6/7","720","1.56","","","2026-10-05 rounds5-7 (STANDING49 kept as real offer; stub fabrications purged)"
"PENDING-not-deployed","/es/blog/organizar-marcadores-navegador","localization-parity-r5/6/7","1037","1.1","","","2026-10-05 rounds5-7 (STANDING49 kept as real offer; stub fabrications purged)"
"PENDING-not-deployed","/de/blog/lesezeichen-organisieren","localization-parity-r5/6/7","894","0.97","","","2026-10-05 rounds5-7 (STANDING49 kept as real offer; stub fabrications purged)"
"PENDING-not-deployed","/es/blog/exportar-marcadores-chrome","localization-parity-r5/6/7","893","1.11","","","2026-10-05 rounds5-7 (STANDING49 kept as real offer; stub fabrications purged)"
"PENDING-not-deployed","/de/blog/chrome-lesezeichen-exportieren","localization-parity-r5/6/7","767","0.91","","","2026-10-05 rounds5-7 (STANDING49 kept as real offer; stub fabrications purged)"
"PENDING-not-deployed","/de/blog/youtube-videos-mit-ki-zusammenfassen-2026","localization-parity-r5/6/7","525","0.93","","","2026-10-05 rounds5-7 (STANDING49 kept as real offer; stub fabrications purged)"
"PENDING-not-deployed","/ja/blog/youtube-douga-ai-youyaku-2026","localization-parity-r5/6/7","1184","4.81","","","2026-10-05 rounds5-7 (STANDING49 kept as real offer; stub fabrications purged)"
"PENDING-not-deployed","/ko/blog/youtube-dongyeongsang-ai-yoyak-2026","localization-parity-r5/6/7","1271","4.42","","","2026-10-05 rounds5-7 (STANDING49 kept as real offer; stub fabrications purged)"
"PENDING-not-deployed","/ja/blog/best-web-highlighter-2026","localization-parity-r5/6/7","827","2.04","","","2026-10-05 rounds5-7 (STANDING49 kept as real offer; stub fabrications purged)"
"PENDING-not-deployed","/ko/blog/best-web-highlighter-2026","localization-parity-r5/6/7","924","1.72","","","2026-10-05 rounds5-7 (STANDING49 kept as real offer; stub fabrications purged)"
"PENDING-not-deployed","/ja/blog/best-free-bookmark-manager-2026","localization-parity-r5/6/7","859","2.09","","","2026-10-05 rounds5-7 (STANDING49 kept as real offer; stub fabrications purged)"
"PENDING-not-deployed","/ko/blog/best-free-bookmark-manager-2026","localization-parity-r5/6/7","951","1.8","","","2026-10-05 rounds5-7 (STANDING49 kept as real offer; stub fabrications purged)"
"PENDING-not-deployed","/es/blog/como-resaltar-texto-en-cualquier-web-2026","localization-parity-r5/6/7","726","1.12","","","2026-10-05 rounds5-7 (STANDING49 kept as real offer; stub fabrications purged)"
"PENDING-not-deployed","/de/blog/text-auf-jeder-website-markieren-2026","localization-parity-r5/6/7","527","0.95","","","2026-10-05 rounds5-7 (STANDING49 kept as real offer; stub fabrications purged)"
"PENDING-not-deployed","/ja/blog/how-to-highlight-text-on-any-website-2026","localization-parity-r5/6/7","1115","4.89","","","2026-10-05 rounds5-7 (STANDING49 kept as real offer; stub fabrications purged)"
"PENDING-not-deployed","/ko/blog/how-to-highlight-text-on-any-website-2026","localization-parity-r5/6/7","1190","4.4","","","2026-10-05 rounds5-7 (STANDING49 kept as real offer; stub fabrications purged)"
"PENDING-not-deployed","/ja/blog/best-second-brain-apps-2026","localization-parity-r5/6/7","1024","1.76","","","2026-10-05 rounds5-7 (STANDING49 kept as real offer; stub fabrications purged)"
"PENDING-not-deployed","/ko/blog/best-second-brain-apps-2026","localization-parity-r5/6/7","1087","1.52","","","2026-10-05 rounds5-7 (STANDING49 kept as real offer; stub fabrications purged)"
"PENDING-not-deployed","/ja/blog/best-tab-managers-2026","localization-parity-r5/6/7","809","1.93","","","2026-10-05 rounds5-7 (STANDING49 kept as real offer; stub fabrications purged)"
"PENDING-not-deployed","/ko/blog/best-tab-managers-2026","localization-parity-r5/6/7","911","4.05","","","2026-10-05 rounds5-7 (STANDING49 kept as real offer; stub fabrications purged)"
"PENDING-not-deployed","/de/blog/beste-youtube-zusammenfasser-ki-2026","localization-parity-r5/6/7","488","0.97","","","2026-10-05 rounds5-7 (STANDING49 kept as real offer; stub fabrications purged)"
"PENDING-not-deployed","/ja/blog/best-youtube-summarizers-2026","localization-parity-r5/6/7","1004","5.28","","","2026-10-05 rounds5-7 (STANDING49 kept as real offer; stub fabrications purged)"
"PENDING-not-deployed","/ko/blog/best-youtube-summarizers-2026","localization-parity-r5/6/7","1143","4.6","","","2026-10-05 rounds5-7 (STANDING49 kept as real offer; stub fabrications purged)"
"PENDING-not-deployed","/ja/blog/webpage-pdf-hozon-guide-2026","localization-parity-r5/6/7","850","1.78","","","2026-10-05 rounds5-7 (STANDING49 kept as real offer; stub fabrications purged)"
"PENDING-not-deployed","/ko/blog/webpage-pdf-jeojang-guide-2026","localization-parity-r5/6/7","995","1.52","","","2026-10-05 rounds5-7 (STANDING49 kept as real offer; stub fabrications purged)"
"PENDING-not-deployed","/es/blog/obtener-transcripcion-youtube","localization-parity-r5/6/7","759","1.15","","","2026-10-05 rounds5-7 (STANDING49 kept as real offer; stub fabrications purged)"
"PENDING-not-deployed","/de/blog/youtube-transkript-kopieren","localization-parity-r5/6/7","575","0.96","","","2026-10-05 rounds5-7 (STANDING49 kept as real offer; stub fabrications purged)"
"PENDING-not-deployed","/ja/blog/youtube-transcript-shutoku-guide-2026","localization-parity-r5/6/7","1243","4.78","","","2026-10-05 rounds5-7 (STANDING49 kept as real offer; stub fabrications purged)"
"PENDING-not-deployed","/ko/blog/youtube-transcript-chuchul-guide-2026","localization-parity-r5/6/7","1325","1.43","","","2026-10-05 rounds5-7 (STANDING49 kept as real offer; stub fabrications purged)"
"PENDING-not-deployed","/de/blog/youtube-videos-spaeter-ansehen-organisieren-2026","localization-parity-r5/6/7","559","1.14","","","2026-10-05 rounds5-7 (STANDING49 kept as real offer; stub fabrications purged)"
"PENDING-not-deployed","/ja/blog/chat-with-youtube-videos-2026","localization-parity-r5/6/7","905","1.69","","","2026-10-05 rounds5-7 (STANDING49 kept as real offer; stub fabrications purged)"
"PENDING-not-deployed","/es/blog/puede-la-ia-organizar-mis-marcadores-2026","localization-parity-r5/6/7","493","1.09","","","2026-10-05 rounds5-7 (STANDING49 kept as real offer; stub fabrications purged)"
"PENDING-not-deployed","/de/blog/kann-ki-meine-lesezeichen-organisieren-2026","localization-parity-r5/6/7","382","1.01","","","2026-10-05 rounds5-7 (STANDING49 kept as real offer; stub fabrications purged)"
"PENDING-not-deployed","/ko/blog/can-ai-organize-my-bookmarks-automatically-2026","localization-parity-r5/6/7","848","1.55","","","2026-10-05 rounds5-7 (STANDING49 kept as real offer; stub fabrications purged)"
"PENDING-not-deployed","/es/blog/metodo-para-para-marcadores-2026","localization-parity-r5/6/7","671","1.14","","","2026-10-05 rounds5-7 (STANDING49 kept as real offer; stub fabrications purged)"
"PENDING-not-deployed","/de/blog/para-methode-fuer-lesezeichen-2026","localization-parity-r5/6/7","471","1.01","","","2026-10-05 rounds5-7 (STANDING49 kept as real offer; stub fabrications purged)"
"PENDING-not-deployed","/ja/blog/para-method-for-bookmarks-2026","localization-parity-r5/6/7","1052","4.89","","","2026-10-05 rounds5-7 (STANDING49 kept as real offer; stub fabrications purged)"
"PENDING-not-deployed","/ko/blog/para-method-for-bookmarks-2026","localization-parity-r5/6/7","1105","1.57","","","2026-10-05 rounds5-7 (STANDING49 kept as real offer; stub fabrications purged)"
"PENDING-not-deployed","/de/blog/lesezeichen-nicht-mehr-organisieren-ordner-ueberfluessig-2026","localization-parity-r5/6/7","466","1","","","2026-10-05 rounds5-7 (STANDING49 kept as real offer; stub fabrications purged)"
"PENDING-not-deployed","/ja/blog/stop-organizing-bookmarks-folders-obsolete-2026","localization-parity-r5/6/7","985","1.68","","","2026-10-05 rounds5-7 (STANDING49 kept as real offer; stub fabrications purged)"
"PENDING-not-deployed","/ko/blog/stop-organizing-bookmarks-folders-obsolete-2026","localization-parity-r5/6/7","1058","3.78","","","2026-10-05 rounds5-7 (STANDING49 kept as real offer; stub fabrications purged)"
"PENDING-not-deployed","/es/blog/como-encontrar-un-articulo-guardado-si-olvidaste-el-titulo-2026","localization-parity-r5/6/7","579","1.07","","","2026-10-05 rounds5-7 (STANDING49 kept as real offer; stub fabrications purged)"
"PENDING-not-deployed","/de/blog/gespeicherten-artikel-finden-wenn-titel-vergessen-2026","localization-parity-r5/6/7","498","1.01","","","2026-10-05 rounds5-7 (STANDING49 kept as real offer; stub fabrications purged)"
"PENDING-not-deployed","/es/blog/como-exportar-marcadores-de-twitter-x-2026","localization-parity-r5/6/7","658","1.18","","","2026-10-05 rounds5-7 (STANDING49 kept as real offer; stub fabrications purged)"
"PENDING-not-deployed","/de/blog/twitter-x-lesezeichen-exportieren-2026","localization-parity-r5/6/7","449","0.94","","","2026-10-05 rounds5-7 (STANDING49 kept as real offer; stub fabrications purged)"
"PENDING-not-deployed","/ja/blog/export-twitter-x-bookmarks-2026","localization-parity-r5/6/7","997","4.88","","","2026-10-05 rounds5-7 (STANDING49 kept as real offer; stub fabrications purged)"
"PENDING-not-deployed","/ko/blog/export-twitter-x-bookmarks-2026","localization-parity-r5/6/7","1049","3.97","","","2026-10-05 rounds5-7 (STANDING49 kept as real offer; stub fabrications purged)"
"PENDING-not-deployed","/es/blog/como-exportar-publicaciones-guardadas-de-reddit-2026","localization-parity-r5/6/7","671","1.16","","","2026-10-05 rounds5-7 (STANDING49 kept as real offer; stub fabrications purged)"
"PENDING-not-deployed","/de/blog/gespeicherte-reddit-beitraege-exportieren-2026","localization-parity-r5/6/7","495","0.99","","","2026-10-05 rounds5-7 (STANDING49 kept as real offer; stub fabrications purged)"
"PENDING-not-deployed","/ko/blog/export-reddit-saved-posts-2026","localization-parity-r5/6/7","1220","1.59","","","2026-10-05 rounds5-7 (STANDING49 kept as real offer; stub fabrications purged)"
"PENDING-not-deployed","/es/blog/como-exportar-ver-mas-tarde-de-youtube-2026","localization-parity-r5/6/7","644","1.12","","","2026-10-05 rounds5-7 (STANDING49 kept as real offer; stub fabrications purged)"
"PENDING-not-deployed","/de/blog/youtube-spaeter-ansehen-exportieren-2026","localization-parity-r5/6/7","435","0.95","","","2026-10-05 rounds5-7 (STANDING49 kept as real offer; stub fabrications purged)"
"PENDING-not-deployed","/ja/blog/export-youtube-watch-later-2026","localization-parity-r5/6/7","940","4.83","","","2026-10-05 rounds5-7 (STANDING49 kept as real offer; stub fabrications purged)"
"PENDING-not-deployed","/ko/blog/export-youtube-watch-later-2026","localization-parity-r5/6/7","1035","1.75","","","2026-10-05 rounds5-7 (STANDING49 kept as real offer; stub fabrications purged)"
"PENDING-not-deployed","/de/blog/gespeicherte-instagram-beitraege-exportieren-2026","localization-parity-r5/6/7","419","0.94","","","2026-10-05 rounds5-7 (STANDING49 kept as real offer; stub fabrications purged)"
"PENDING-not-deployed","/ja/blog/export-instagram-saved-posts-2026","localization-parity-r5/6/7","932","1.87","","","2026-10-05 rounds5-7 (STANDING49 kept as real offer; stub fabrications purged)"
"PENDING-not-deployed","/ko/blog/export-instagram-saved-posts-2026","localization-parity-r5/6/7","1012","3.92","","","2026-10-05 rounds5-7 (STANDING49 kept as real offer; stub fabrications purged)"
"PENDING-not-deployed","/de/blog/notion-web-clipper-alternative-2026","localization-parity-r5/6/7","414","0.96","","","2026-10-05 rounds5-7 (STANDING49 kept as real offer; stub fabrications purged)"
"PENDING-not-deployed","/es/blog/como-chatear-con-articulos-guardados-2026","localization-parity-r5/6/7","532","1.07","","","2026-10-05 rounds5-7 (STANDING49 kept as real offer; stub fabrications purged)"
"PENDING-not-deployed","/de/blog/mit-gespeicherten-artikeln-chatten-2026","localization-parity-r5/6/7","390","0.99","","","2026-10-05 rounds5-7 (STANDING49 kept as real offer; stub fabrications purged)"
"PENDING-not-deployed","/ko/blog/how-to-chat-with-your-saved-articles-2026","localization-parity-r5/6/7","829","1.45","","","2026-10-05 rounds5-7 (STANDING49 kept as real offer; stub fabrications purged)"
"PENDING-not-deployed","/es/blog/que-es-un-segundo-cerebro-con-ia-2026","localization-parity-r5/6/7","559","1.11","","","2026-10-05 rounds5-7 (STANDING49 kept as real offer; stub fabrications purged)"
"PENDING-not-deployed","/de/blog/was-ist-ein-ki-zweites-gehirn-2026","localization-parity-r5/6/7","385","0.99","","","2026-10-05 rounds5-7 (STANDING49 kept as real offer; stub fabrications purged)"
"PENDING-not-deployed","/ko/blog/what-is-an-ai-second-brain-2026","localization-parity-r5/6/7","854","1.42","","","2026-10-05 rounds5-7 (STANDING49 kept as real offer; stub fabrications purged)"
"PENDING-not-deployed","/es/blog/gestores-de-marcadores-con-ia-busqueda-semantica-comparativa-2026","localization-parity-r5/6/7","971","1.14","","","2026-10-05 rounds5-7 (STANDING49 kept as real offer; stub fabrications purged)"
"PENDING-not-deployed","/de/blog/ki-bookmark-manager-semantische-suche-vergleich-2026","localization-parity-r5/6/7","637","0.97","","","2026-10-05 rounds5-7 (STANDING49 kept as real offer; stub fabrications purged)"
"PENDING-not-deployed","/ja/blog/ai-bookmark-managers-semantic-search-compared-2026","localization-parity-r5/6/7","1175","5.03","","","2026-10-05 rounds5-7 (STANDING49 kept as real offer; stub fabrications purged)"
"PENDING-not-deployed","/ko/blog/ai-bookmark-managers-semantic-search-compared-2026","localization-parity-r5/6/7","1284","1.47","","","2026-10-05 rounds5-7 (STANDING49 kept as real offer; stub fabrications purged)"
"PENDING-not-deployed","/de/blog/chrome-lesezeichen-synchronisieren-nicht-losung-2026","localization-parity-r5/6/7","538","0.97","","","2026-10-05 rounds5-7 (STANDING49 kept as real offer; stub fabrications purged)"
"PENDING-not-deployed","/de/blog/pocket-daten-exportieren-migrieren-2026","localization-parity-r5/6/7","479","0.96","","","2026-10-05 rounds5-7 (STANDING49 kept as real offer; stub fabrications purged)"
"PENDING-not-deployed","/es/blog/resena-raindrop-io-2026","localization-parity-r5/6/7","684","1.21","","","2026-10-05 rounds5-7 (STANDING49 kept as real offer; stub fabrications purged)"
"PENDING-not-deployed","/es/blog/resena-marqly-2026","localization-parity-r5/6/7","455","1.21","","","2026-10-05 rounds5-7 (STANDING49 kept as real offer; stub fabrications purged)"
"PENDING-not-deployed","/for-teachers","ctr-retarget(seoTitle/desc)","48","","","","was ""Lesson planning bookmark tool""; §2.5 demand is ""bookmark manager/organizer for teachers"" (2,396 imp pos 15.8)"
"PENDING-not-deployed","/research/bookmark-import-fidelity","key-findings-tldr","—","","","","AEO/press TL;DR + reproduce line; 11 inbound parents"
"PENDING-not-deployed","/blog/mymind-review-2026","refresh: price-drift fix $72->$79/yr, 3 verified cites, trial-claim removed","—","","","","source: mymind.com/pr fetched 2026-10-05"
"PENDING-not-deployed","/blog/readwise-reader-review-2026","refresh: dated citation readwise.io/pricing","—","","","","fetched 2026-10-05"
"PENDING-not-deployed","/blog/best-pocket-alternatives-2026","refresh: official shutdown citation getpocket.com","—","","","","fetched 2026-10-05"
"PENDING-not-deployed","/blog/instapaper-alternatives-2026","refresh: verified Premium $5.99/$59.99 + citation","—","","","","fetched 2026-10-05"
"PENDING-not-deployed","src/data/competitors/mymind.json","data-layer: paid yearly $72->$79, lastVerified 2026-10-05","—","","","","propagates to /alternatives/mymind + compare pages"
"PENDING-not-deployed","/compare/linkwarden-vs-karakeep","D3-refresh: verified official sources + migration notes + dated cites","—","","","","URLs verified live 2026-10-06; docs.linkwarden.dev dead -> GitHub used"
"PENDING-not-deployed","/blog/raindrop-review-2026","D3-refresh: verified official sources + migration notes + dated cites","—","","","","URLs verified live 2026-10-06; docs.linkwarden.dev dead -> GitHub used"
"PENDING-not-deployed","/blog/export-reddit-saved-posts","D3-refresh: verified official sources + migration notes + dated cites","—","","","","URLs verified live 2026-10-06; docs.linkwarden.dev dead -> GitHub used"
