date,impressions,clicks,ctr,position
"2026-07-06","231","8","0.03463203463203463","13.242424242424242"
"2026-07-07","329","6","0.0182370820668693","13.9209726443769"
"2026-07-08","352","9","0.02556818181818182","9.599431818181818"
"2026-07-09","402","7","0.017412935323383085","13.037313432835822"
"2026-07-10","388","2","0.005154639175257732","16.739690721649485"
"2026-07-11","496","2","0.004032258064516129","17.743951612903224"
"2026-07-12","476","5","0.01050420168067227","17.00420168067227"
"2026-07-13","421","14","0.0332541567695962","14.833729216152019"
"2026-07-14","420","8","0.01904761904761905","14.730952380952381"
"2026-07-15","366","7","0.01912568306010929","14.494535519125684"
"2026-07-16","245","3","0.012244897959183673","10.191836734693878"
"2026-07-17","254","5","0.01968503937007874","10.259842519685039"
"2026-07-18","267","2","0.00749063670411985","11.820224719101123"
"2026-07-19","280","0","0","12.103571428571428"
"2026-07-20","284","3","0.01056338028169014","13.862676056338028"
"2026-07-21","256","4","0.015625","13.83203125"
"2026-07-22","261","9","0.034482758620689655","12.9272030651341"
"2026-07-23","324","10","0.030864197530864196","12.722222222222221"
"2026-07-24","297","5","0.016835016835016835","14.855218855218855"
"2026-07-25","279","6","0.021505376344086023","12.924731182795698"
"2026-07-26","266","3","0.011278195488721804","14.466165413533835"
"2026-07-27","285","7","0.02456140350877193","13.992982456140352"
"2026-07-28","315","6","0.01904761904761905","13.952380952380953"
"2026-07-29","346","2","0.005780346820809248","13.06936416184971"
"2026-07-30","399","7","0.017543859649122806","13.473684210526315"
"2026-07-31","375","7","0.018666666666666668","15.109333333333334"
"2026-08-01","424","5","0.01179245283018868","16.45990566037736"
"2026-08-02","458","6","0.013100436681222707","18.724890829694324"
"2026-08-03","444","4","0.009009009009009009","15.04954954954955"
"2026-08-04","630","9","0.014285714285714285","15.041269841269841"
"2026-08-05","1731","12","0.006932409012131715","18.753321779318313"
"2026-08-06","2026","23","0.011352418558736426","18.754195459032577"
"2026-08-07","1612","17","0.01054590570719603","19.020471464019852"
"2026-08-08","1798","25","0.013904338153503892","14.191879866518354"
"2026-08-09","3022","28","0.009265387160820648","17.735605559232297"
"2026-08-10","3241","40","0.012341869793273681","17.49768589941376"
"2026-08-11","3545","23","0.006488011283497884","19.041748942172074"
"2026-08-12","2922","35","0.011978097193702943","20.66974674880219"
"2026-08-13","3084","35","0.011348897535667963","19.16536964980545"
"2026-08-14","2506","32","0.012769353551476457","17.056264964086193"
"2026-08-15","2521","37","0.014676715589051963","19.477588258627527"
"2026-08-16","2918","25","0.008567511994516792","19.915352981494173"
"2026-08-17","3065","22","0.007177814029363785","18.1931484502447"
"2026-08-18","3720","50","0.013440860215053764","18.643548387096775"
"2026-08-19","3656","48","0.01312910284463895","18.576039387308533"
"2026-08-20","3161","41","0.012970578930718128","19.983549509648846"
"2026-08-21","2968","33","0.011118598382749326","18.90464959568733"
"2026-08-22","2750","29","0.010545454545454545","22.01090909090909"
"2026-08-23","2648","17","0.006419939577039275","19.852341389728096"
"2026-08-24","2917","41","0.01405553651011313","19.57901954062393"
"2026-08-25","2872","30","0.010445682451253482","21.813718662952645"
"2026-08-26","2873","38","0.013226592412112773","20.076575008701706"
"2026-08-27","2991","33","0.011033099297893681","21.099297893681044"
"2026-08-28","2805","33","0.011764705882352941","21.057754010695188"
"2026-08-29","2864","29","0.010125698324022346","24.760474860335197"
"2026-08-30","3099","36","0.011616650532429816","22.38399483704421"
"2026-08-31","3163","49","0.015491621877963959","18.115712930761934"
"2026-09-01","3033","34","0.01121002307945928","12.711836465545664"
"2026-09-02","3276","43","0.013125763125763126","12.734737484737485"
"2026-09-03","3377","20","0.005922416345869114","13.009771986970684"
"2026-09-04","2953","42","0.014222824246528954","13.066711818489672"
"2026-09-05","2966","39","0.013149022252191504","13.47977073499663"
"2026-09-06","3396","38","0.011189634864546525","14.474087161366313"
"2026-09-07","3559","37","0.010396178701882551","14.41331834785052"
"2026-09-08","4329","58","0.013398013398013399","13.082698082698082"
"2026-09-09","6527","73","0.011184311322200092","11.912057606863797"
"2026-09-10","5847","88","0.015050453223875491","10.176158713870361"
"2026-09-11","6026","68","0.011284434118818453","10.957351476933288"
"2026-09-12","5935","69","0.011625947767481045","11.497725358045493"
"2026-09-13","5776","81","0.01402354570637119","11.873614958448753"
"2026-09-14","5231","73","0.013955266679411202","11.902504301280826"
"2026-09-15","5244","97","0.018497330282227307","11.064073226544622"
"2026-09-16","5221","75","0.014365064163953266","11.179276000766137"
"2026-09-17","4798","66","0.013755731554814505","10.314506044185077"
"2026-09-18","4130","67","0.0162227602905569","10.645278450363197"
"2026-09-19","3929","58","0.014762025960804276","10.848816492746247"
"2026-09-20","4900","90","0.018367346938775512","10.079591836734695"
"2026-09-21","5120","91","0.0177734375","9.5326171875"
"2026-09-22","5406","103","0.01905290418054014","9.714946355900851"
"2026-09-23","5439","89","0.016363302077587794","9.558926273211988"
"2026-09-24","5106","89","0.01743047395221308","9.529377203290247"
"2026-09-25","4250","84","0.01976470588235294","9.325882352941177"
"2026-09-26","3753","69","0.01838529176658673","9.500133226751931"
"2026-09-27","3951","90","0.022779043280182234","8.965578334598835"
"2026-09-28","4306","87","0.020204366000928935","8.739433348815606"
"2026-09-29","4148","96","0.023143683702989394","9.39850530376085"
"2026-09-30","3993","91","0.022789882294014525","9.181818181818182"
"2026-10-01","4135","68","0.016444981862152357","9.854171704957679"
"2026-10-02","3977","56","0.01408096555192356","11.019361327633895"
"2026-10-03","3977","77","0.019361327633894896","10.910485290419915"
