query,impressions,clicks,ctr,position,target_pos,target_ctr,uplift_clicks
"pocket alternatives","2171","7","0.0032","9.1","6.1","0.0484","98"
"linkwarden vs karakeep","440","6","0.0136","4.6","1.6","0.2052","84"
"chrome bookmark manager","3000","15","0.005","15.7","12.7","0.0234","55"
"karakeep vs linkwarden","378","7","0.0185","5.1","2.1","0.1532","51"
"thumbnail grabber","1005","4","0.004","9.2","6.2","0.0478","44"
"ai bookmark manager","3000","15","0.005","18.1","15.1","0.0194","43"
"pocket alternative","976","11","0.0113","9.9","6.9","0.0435","31"
"web highlighter","2000","12","0.006","16.9","13.9","0.0214","31"
"youtube thumbnail download short","548","3","0.0055","8.5","5.5","0.0553","27"
"youtube thumbnail grabber","629","0","0","11.4","8.4","0.0346","22"
"bookmark manager","8000","22","0.0027","39.1","36.1","0.0055","22"
"bookmarklet maker","453","2","0.0044","8.8","5.8","0.0515","21"
"pocket ai alternative","411","11","0.0268","7.6","4.6","0.0705","18"
"youtube 文字起こし コピー","418","2","0.0048","9.8","6.8","0.0441","16"
"bookmark manager for chrome","2000","8","0.004","22.2","19.2","0.012","16"
"ai bookmark organizer","1000","5","0.005","17.2","14.2","0.0209","16"
"readwise pricing","366","1","0.0027","10","7","0.0429","15"
"export bookmarks html","500","4","0.008","12","9","0.0314","12"
"website highlighter","800","2","0.0025","20.1","17.1","0.0158","11"
"netscape bookmark file","600","4","0.0067","14","11","0.0253","11"
"mymind pricing","241","2","0.0083","8.9","5.9","0.0502","10"
"bookmark manager for teachers","500","2","0.004","15.8","12.8","0.0233","10"
"notion web clipper","359","0","0","16.2","13.2","0.0226","8"
"raindrop pricing","220","1","0.0045","10.5","7.5","0.0398","8"
"best free bookmark manager","1200","5","0.0042","23.5","20.5","0.0103","7"
"how to organize bookmarks","1500","10","0.0067","22.4","19.4","0.0116","7"
"instapaper pricing","200","1","0.005","11","8","0.0368","6"
"pinterest alternatives","273","2","0.0073","12.9","9.9","0.0264","5"
"bookmark organizer","1500","3","0.002","38.3","35.3","0.0057","5"
"summarize youtube video","1500","4","0.0027","37.6","34.6","0.0058","5"
"readwise reader pricing","200","1","0.005","12","9","0.0314","5"
"read it later app","2000","4","0.002","48.1","45.1","0.0038","4"
"google bookmarks was removed","400","4","0.01","18","15","0.0196","4"
"toby vs onetab","225","1","0.0044","19.6","16.6","0.0167","3"
"bookmark organizer for students","200","1","0.005","20","17","0.016","2"
"online bookmark manager","1200","2","0.0017","52.9","49.9","0.0028","1"
"raindrop vs pocket","181","1","0.0055","25.6","22.6","0.0095","1"
