country,impressions,clicks,ctr,position
"usa","110380","747","0.006767530349701033","15.968372893640153"
"ind","10243","327","0.03192424094503563","18.454749585082496"
"jpn","10600","315","0.029716981132075472","9.928396226415094"
"deu","13263","287","0.021639146497775767","12.903717107743347"
"kor","6710","240","0.03576751117734724","8.160506706408345"
"gbr","12841","170","0.013238844326765828","14.452145471536484"
"fra","5317","138","0.025954485612187325","13.128643972164754"
"bra","7814","136","0.017404658305605322","10.499616073713847"
"ita","8393","131","0.015608244966043131","10.247825568926487"
"can","8193","121","0.014768704992066398","14.268399853533504"
"nld","13036","114","0.008745013807916539","13.567045105860693"
"esp","6250","107","0.01712","11.2648"
"aus","5559","101","0.01816873538406188","12.584817413203814"
"pol","4239","95","0.022410945977824958","8.567350790280727"
"are","2280","80","0.03508771929824561","7.917105263157895"
"tur","4370","76","0.017391304347826087","15.308695652173913"
"che","2004","69","0.0344311377245509","13.035429141716566"
"prt","1777","60","0.03376477208778841","8.051209904333145"
"chn","1366","58","0.0424597364568082","7.245241581259151"
"mex","3516","57","0.016211604095563138","16.61803185437998"
"pak","2423","51","0.021048287247214196","12.128765992571193"
"bel","2065","49","0.023728813559322035","9.294430992736077"
"swe","1699","48","0.028251912889935255","7.845791642142436"
"idn","3102","46","0.014829142488716958","20.28078658929723"
"sgp","3434","42","0.0122306348281887","18.894292370413513"
"phl","3775","40","0.010596026490066225","28.899337748344372"
"aut","1611","39","0.024208566108007448","13.708255741775295"
"rus","1888","39","0.02065677966101695","16.502648305084747"
"bgd","1962","37","0.018858307849133536","24.2059123343527"
"twn","1185","37","0.031223628691983123","7.874261603375527"
"vnm","3060","36","0.011764705882352941","27.145098039215686"
"egy","1042","32","0.030710172744721688","10.13531669865643"
"hkg","1546","32","0.02069857697283312","7.969598965071151"
"tha","1469","32","0.021783526208304968","21.358747447243022"
"col","1507","30","0.019907100199071003","12.889847378898473"
"dnk","1174","30","0.02555366269165247","13.18228279386712"
"isr","917","30","0.03271537622682661","10.766630316248637"
"per","1256","29","0.02308917197452229","10.124203821656051"
"mar","1374","26","0.018922852983988356","23.78165938864629"
"arg","3364","25","0.007431629013079667","9.738109393579073"
"irn","481","25","0.05197505197505198","9.245322245322246"
"ukr","1079","25","0.023169601482854494","14.878591288229842"
"hun","602","22","0.036544850498338874","7.837209302325581"
"sau","1332","22","0.016516516516516516","16.984984984984983"
"cze","680","21","0.030882352941176472","8.10735294117647"
"srb","339","20","0.058997050147492625","9.32448377581121"
"fin","651","19","0.029185867895545316","8.8678955453149"
"nga","703","18","0.025604551920341393","9.45945945945946"
"grc","617","17","0.027552674230145867","8.141004862236628"
"chl","1541","16","0.010382868267358857","9.462037637897469"
"lka","283","15","0.053003533568904596","7.017667844522968"
"mys","1572","14","0.008905852417302799","25.41030534351145"
"nzl","891","14","0.015712682379349047","10.371492704826037"
"zaf","787","14","0.017789072426937738","12.726810673443456"
"npl","313","13","0.04153354632587859","8.274760383386582"
"rou","743","13","0.017496635262449527","9.258411843876178"
"irl","794","12","0.015113350125944584","8.806045340050378"
"ven","1139","10","0.00877963125548727","10.357330992098332"
"ecu","961","9","0.009365244536940686","10.479708636836628"
"kaz","478","9","0.01882845188284519","11.993723849372385"
"ken","313","9","0.02875399361022364","8.543130990415335"
"aze","181","8","0.04419889502762431","11.80110497237569"
"bgr","364","8","0.02197802197802198","8.469780219780219"
"cyp","144","8","0.05555555555555555","7.583333333333333"
"nor","807","8","0.009913258983890954","9.218091697645601"
"svk","272","8","0.029411764705882353","7.9338235294117645"
"dza","766","7","0.009138381201044387","24.449086161879894"
"lva","117","7","0.05982905982905983","6.811965811965812"
"yem","62","7","0.11290322580645161","8.29032258064516"
"arm","120","6","0.05","10.633333333333333"
"hrv","260","6","0.023076923076923078","7.5807692307692305"
"mmr","102","6","0.058823529411764705","9.401960784313726"
"qat","209","6","0.028708133971291867","9.47846889952153"
"blr","174","5","0.028735632183908046","11.706896551724139"
"bol","491","5","0.010183299389002037","9.112016293279023"
"cri","360","5","0.013888888888888888","9.411111111111111"
"geo","201","5","0.024875621890547265","7.706467661691542"
"gtm","207","5","0.024154589371980676","9.173913043478262"
"irq","408","5","0.012254901960784314","15.607843137254902"
"lbn","184","5","0.02717391304347826","10.559782608695652"
"ltu","367","5","0.013623978201634877","7.9046321525885554"
"bih","118","4","0.03389830508474576","8.957627118644067"
"lux","101","4","0.039603960396039604","8.712871287128714"
"uga","125","4","0.032","7.44"
"ury","446","4","0.008968609865470852","9.190582959641256"
"dom","369","3","0.008130081300813009","10.325203252032521"
"est","194","3","0.015463917525773196","8.082474226804123"
"jor","372","3","0.008064516129032258","32.155913978494624"
"moz","327","3","0.009174311926605505","3.018348623853211"
"syr","103","3","0.02912621359223301","11.21359223300971"
"tun","243","3","0.012345679012345678","19.246913580246915"
"afg","37","2","0.05405405405405406","8.891891891891891"
"alb","120","2","0.016666666666666666","10.608333333333333"
"bhr","91","2","0.02197802197802198","9.956043956043956"
"cmr","62","2","0.03225806451612903","9.338709677419354"
"cub","34","2","0.058823529411764705","10.147058823529411"
"gha","172","2","0.011627906976744186","9.290697674418604"
"isl","100","2","0.02","6.37"
"khm","118","2","0.01694915254237288","10.38135593220339"
"kwt","164","2","0.012195121951219513","13.609756097560975"
"mda","96","2","0.020833333333333332","12.197916666666666"
"mne","47","2","0.0425531914893617","10.27659574468085"
"mng","53","2","0.03773584905660377","11.132075471698114"
"omn","130","2","0.015384615384615385","15.9"
"pan","294","2","0.006802721088435374","11.037414965986395"
"pri","108","2","0.018518518518518517","7.212962962962963"
"rwa","51","2","0.0392156862745098","7.098039215686274"
"sen","67","2","0.029850746268656716","17.29850746268657"
"som","29","2","0.06896551724137931","8.551724137931036"
"svn","160","2","0.0125","7.625"
"tza","59","2","0.03389830508474576","8.305084745762713"
"uzb","286","2","0.006993006993006993","13.237762237762238"
"and","28","1","0.03571428571428571","13.678571428571429"
"ben","37","1","0.02702702702702703","8.054054054054054"
"bfa","15","1","0.06666666666666667","14.733333333333333"
"bhs","24","1","0.041666666666666664","7.458333333333333"
"brb","36","1","0.027777777777777776","14.083333333333334"
"bwa","16","1","0.0625","6.1875"
"cod","29","1","0.034482758620689655","10.172413793103448"
"cpv","9","1","0.1111111111111111","8"
"cuw","12","1","0.08333333333333333","11.25"
"eth","189","1","0.005291005291005291","9.227513227513228"
"glp","13","1","0.07692307692307693","6.384615384615385"
"lbr","9","1","0.1111111111111111","7.111111111111111"
"lby","58","1","0.017241379310344827","11.706896551724139"
"mdv","34","1","0.029411764705882353","12.470588235294118"
"mnp","5","1","0.2","5.8"
"mus","53","1","0.018867924528301886","9.358490566037736"
"nam","17","1","0.058823529411764705","8.117647058823529"
"ner","7","1","0.14285714285714285","8.285714285714285"
"pry","283","1","0.0035335689045936395","9.978798586572438"
"sle","8","1","0.125","8.5"
"tto","90","1","0.011111111111111112","10.844444444444445"
"xkk","31","1","0.03225806451612903","10.290322580645162"
"zmb","39","1","0.02564102564102564","7.769230769230769"
"zwe","47","1","0.02127659574468085","8.382978723404255"
"abw","13","0","0","7.384615384615385"
"ago","58","0","0","11.258620689655173"
"ala","1","0","0","10"
"asm","12","0","0","7.833333333333333"
"ata","1","0","0","8"
"atg","8","0","0","15.875"
"bdi","3","0","0","7"
"bes","2","0","0","4.5"
"blz","22","0","0","9.136363636363637"
"bmu","7","0","0","7.714285714285714"
"brn","27","0","0","6.592592592592593"
"btn","43","0","0","10.790697674418604"
"caf","2","0","0","7"
"civ","76","0","0","11.210526315789474"
"cog","9","0","0","21.77777777777778"
"cok","1","0","0","9"
"cym","7","0","0","6.142857142857143"
"dji","10","0","0","11.1"
"dma","5","0","0","12.6"
"eri","1","0","0","10"
"esh","8","0","0","13.25"
"fji","18","0","0","7.611111111111111"
"fro","4","0","0","8"
"fsm","1","0","0","1"
"gab","21","0","0","22.61904761904762"
"ggy","10","0","0","6.7"
"gib","7","0","0","6.857142857142857"
"gin","10","0","0","10.4"
"gmb","5","0","0","11.2"
"gnb","1","0","0","1"
"grd","2","0","0","10"
"grl","3","0","0","7.333333333333333"
"guf","3","0","0","14.666666666666666"
"gum","13","0","0","9.846153846153847"
"guy","21","0","0","7.523809523809524"
"hnd","140","0","0","10.435714285714285"
"hti","15","0","0","7.733333333333333"
"imn","12","0","0","7.916666666666667"
"jam","98","0","0","9.408163265306122"
"jey","11","0","0","9.090909090909092"
"kgz","48","0","0","18.833333333333332"
"kna","5","0","0","16.6"
"lao","23","0","0","12.91304347826087"
"lca","10","0","0","8.4"
"lie","8","0","0","6.5"
"lso","7","0","0","4.857142857142858"
"mac","34","0","0","7.735294117647059"
"maf","3","0","0","25"
"mco","4","0","0","31"
"mdg","39","0","0","7.564102564102564"
"mkd","77","0","0","11.012987012987013"
"mli","11","0","0","10.727272727272727"
"mlt","97","0","0","8.958762886597938"
"mrt","5","0","0","6.6"
"msr","2","0","0","9"
"mtq","14","0","0","7.428571428571429"
"mwi","16","0","0","6.375"
"myt","1","0","0","5"
"ncl","2","0","0","5.5"
"nic","154","0","0","9.46103896103896"
"png","16","0","0","9.1875"
"prk","1","0","0","11"
"pse","67","0","0","15.149253731343284"
"pyf","7","0","0","5.428571428571429"
"reu","29","0","0","7.275862068965517"
"sdn","17","0","0","8.882352941176471"
"sjm","1","0","0","6"
"slb","3","0","0","4.333333333333334"
"slv","141","0","0","11.47517730496454"
"smr","1","0","0","1"
"spm","1","0","0","7"
"ssd","1","0","0","9"
"stp","1","0","0","10"
"sur","7","0","0","8"
"swz","3","0","0","7"
"sxm","5","0","0","13.2"
"syc","481","0","0","7.1829521829521825"
"tca","2","0","0","6"
"tcd","1","0","0","10"
"tgo","43","0","0","12.976744186046512"
"tjk","8","0","0","20.25"
"tkm","13","0","0","5.538461538461538"
"ton","1","0","0","8"
"vct","7","0","0","7.571428571428571"
"vgb","2","0","0","4.5"
"vir","8","0","0","8.125"
"vut","4","0","0","5"
"wsm","5","0","0","16.2"
"zzz","61","0","0","11.524590163934427"
